[2025-12-14T00:04:58.990+0000] {manager.py:470} INFO - Processing files using up to 2 processes at a time 
[2025-12-14T00:04:58.990+0000] {manager.py:471} INFO - Process each file at most once every 30 seconds
[2025-12-14T00:04:58.990+0000] {manager.py:472} INFO - Checking for new files in /opt/airflow/dags every 300 seconds
[2025-12-14T00:04:58.991+0000] {manager.py:737} INFO - Searching for files in /opt/airflow/dags
[2025-12-14T00:04:58.997+0000] {manager.py:740} INFO - There are 1 files in /opt/airflow/dags
[2025-12-14T00:04:59.056+0000] {manager.py:878} INFO - 
================================================================================
DAG File Processing Stats

File Path                                  PID  Runtime      # DAGs    # Errors  Last Runtime    Last Run
---------------------------------------  -----  ---------  --------  ----------  --------------  ----------
/opt/airflow/dags/dag_higiene_lisboa.py    173  0.03s             0           0
================================================================================
[2025-12-14T00:05:29.198+0000] {manager.py:878} INFO - 
================================================================================
DAG File Processing Stats

File Path                                PID    Runtime      # DAGs    # Errors  Last Runtime    Last Run
---------------------------------------  -----  ---------  --------  ----------  --------------  -------------------
/opt/airflow/dags/dag_higiene_lisboa.py                           1           0  0.33s           2025-12-14T00:04:59
================================================================================
[2025-12-14T00:05:59.641+0000] {manager.py:878} INFO - 
================================================================================
DAG File Processing Stats

File Path                                  PID  Runtime      # DAGs    # Errors  Last Runtime    Last Run
---------------------------------------  -----  ---------  --------  ----------  --------------  -------------------
/opt/airflow/dags/dag_higiene_lisboa.py    183  0.01s             1           0  0.14s           2025-12-14T00:05:29
================================================================================
[2025-12-14T00:06:29.915+0000] {manager.py:878} INFO - 
================================================================================
DAG File Processing Stats

File Path                                  PID  Runtime      # DAGs    # Errors  Last Runtime    Last Run
---------------------------------------  -----  ---------  --------  ----------  --------------  -------------------
/opt/airflow/dags/dag_higiene_lisboa.py    188  0.01s             1           0  0.16s           2025-12-14T00:05:59
================================================================================
[2025-12-14T00:07:00.078+0000] {manager.py:878} INFO - 
================================================================================
DAG File Processing Stats

File Path                                PID    Runtime      # DAGs    # Errors  Last Runtime    Last Run
---------------------------------------  -----  ---------  --------  ----------  --------------  -------------------
/opt/airflow/dags/dag_higiene_lisboa.py                           1           0  1.06s           2025-12-14T00:06:30
================================================================================
[2025-12-14T00:07:30.242+0000] {manager.py:878} INFO - 
================================================================================
DAG File Processing Stats

File Path                                PID    Runtime      # DAGs    # Errors  Last Runtime    Last Run
---------------------------------------  -----  ---------  --------  ----------  --------------  -------------------
/opt/airflow/dags/dag_higiene_lisboa.py                           1           0  0.15s           2025-12-14T00:07:01
================================================================================
[2025-12-14T00:08:00.490+0000] {manager.py:878} INFO - 
================================================================================
DAG File Processing Stats

File Path                                PID    Runtime      # DAGs    # Errors  Last Runtime    Last Run
---------------------------------------  -----  ---------  --------  ----------  --------------  -------------------
/opt/airflow/dags/dag_higiene_lisboa.py                           1           0  0.16s           2025-12-14T00:07:31
================================================================================
[2025-12-14T00:08:30.631+0000] {manager.py:878} INFO - 
================================================================================
DAG File Processing Stats

File Path                                PID    Runtime      # DAGs    # Errors  Last Runtime    Last Run
---------------------------------------  -----  ---------  --------  ----------  --------------  -------------------
/opt/airflow/dags/dag_higiene_lisboa.py                           1           0  2.60s           2025-12-14T00:08:04
================================================================================
[2025-12-14T00:09:01.372+0000] {manager.py:878} INFO - 
================================================================================
DAG File Processing Stats

File Path                                PID    Runtime      # DAGs    # Errors  Last Runtime    Last Run
---------------------------------------  -----  ---------  --------  ----------  --------------  -------------------
/opt/airflow/dags/dag_higiene_lisboa.py                           1           0  0.16s           2025-12-14T00:08:34
================================================================================
[2025-12-14T00:09:31.662+0000] {manager.py:878} INFO - 
================================================================================
DAG File Processing Stats

File Path                                PID    Runtime      # DAGs    # Errors  Last Runtime    Last Run
---------------------------------------  -----  ---------  --------  ----------  --------------  -------------------
/opt/airflow/dags/dag_higiene_lisboa.py                           1           0  0.14s           2025-12-14T00:09:04
================================================================================
[2025-12-14T00:09:59.917+0000] {manager.py:737} INFO - Searching for files in /opt/airflow/dags
[2025-12-14T00:09:59.918+0000] {manager.py:740} INFO - There are 1 files in /opt/airflow/dags
[2025-12-14T00:10:01.941+0000] {manager.py:878} INFO - 
================================================================================
DAG File Processing Stats

File Path                                PID    Runtime      # DAGs    # Errors  Last Runtime    Last Run
---------------------------------------  -----  ---------  --------  ----------  --------------  -------------------
/opt/airflow/dags/dag_higiene_lisboa.py                           1           0  0.16s           2025-12-14T00:09:34
================================================================================
[2025-12-14T00:10:32.116+0000] {manager.py:878} INFO - 
================================================================================
DAG File Processing Stats

File Path                                PID    Runtime      # DAGs    # Errors  Last Runtime    Last Run
---------------------------------------  -----  ---------  --------  ----------  --------------  -------------------
/opt/airflow/dags/dag_higiene_lisboa.py                           1           0  0.16s           2025-12-14T00:10:05
================================================================================
[2025-12-14T00:11:03.036+0000] {manager.py:878} INFO - 
================================================================================
DAG File Processing Stats

File Path                                PID    Runtime      # DAGs    # Errors  Last Runtime    Last Run
---------------------------------------  -----  ---------  --------  ----------  --------------  -------------------
/opt/airflow/dags/dag_higiene_lisboa.py                           1           0  1.66s           2025-12-14T00:10:37
================================================================================
[2025-12-14T00:11:33.189+0000] {manager.py:878} INFO - 
================================================================================
DAG File Processing Stats

File Path                                PID    Runtime      # DAGs    # Errors  Last Runtime    Last Run
---------------------------------------  -----  ---------  --------  ----------  --------------  -------------------
/opt/airflow/dags/dag_higiene_lisboa.py                           1           0  0.16s           2025-12-14T00:11:08
================================================================================
[2025-12-14T00:12:03.480+0000] {manager.py:878} INFO - 
================================================================================
DAG File Processing Stats

File Path                                PID    Runtime      # DAGs    # Errors  Last Runtime    Last Run
---------------------------------------  -----  ---------  --------  ----------  --------------  -------------------
/opt/airflow/dags/dag_higiene_lisboa.py                           1           0  0.15s           2025-12-14T00:11:38
================================================================================
[2025-12-14T00:12:33.748+0000] {manager.py:878} INFO - 
================================================================================
DAG File Processing Stats

File Path                                PID    Runtime      # DAGs    # Errors  Last Runtime    Last Run
---------------------------------------  -----  ---------  --------  ----------  --------------  -------------------
/opt/airflow/dags/dag_higiene_lisboa.py                           1           0  0.13s           2025-12-14T00:12:08
================================================================================
[2025-12-14T00:13:03.995+0000] {manager.py:878} INFO - 
================================================================================
DAG File Processing Stats

File Path                                PID    Runtime      # DAGs    # Errors  Last Runtime    Last Run
---------------------------------------  -----  ---------  --------  ----------  --------------  -------------------
/opt/airflow/dags/dag_higiene_lisboa.py                           1           0  0.14s           2025-12-14T00:12:38
================================================================================
[2025-12-14T00:13:34.141+0000] {manager.py:878} INFO - 
================================================================================
DAG File Processing Stats

File Path                                PID    Runtime      # DAGs    # Errors  Last Runtime    Last Run
---------------------------------------  -----  ---------  --------  ----------  --------------  -------------------
/opt/airflow/dags/dag_higiene_lisboa.py                           1           0  0.13s           2025-12-14T00:13:09
================================================================================
[2025-12-14T00:14:04.387+0000] {manager.py:878} INFO - 
================================================================================
DAG File Processing Stats

File Path                                PID    Runtime      # DAGs    # Errors  Last Runtime    Last Run
---------------------------------------  -----  ---------  --------  ----------  --------------  -------------------
/opt/airflow/dags/dag_higiene_lisboa.py                           1           0  0.13s           2025-12-14T00:13:39
================================================================================
[2025-12-14T00:14:34.532+0000] {manager.py:878} INFO - 
================================================================================
DAG File Processing Stats

File Path                                PID    Runtime      # DAGs    # Errors  Last Runtime    Last Run
---------------------------------------  -----  ---------  --------  ----------  --------------  -------------------
/opt/airflow/dags/dag_higiene_lisboa.py                           1           0  0.14s           2025-12-14T00:14:09
================================================================================
[2025-12-14T00:15:00.760+0000] {manager.py:737} INFO - Searching for files in /opt/airflow/dags
[2025-12-14T00:15:00.767+0000] {manager.py:740} INFO - There are 1 files in /opt/airflow/dags
[2025-12-14T00:15:04.801+0000] {manager.py:878} INFO - 
================================================================================
DAG File Processing Stats

File Path                                PID    Runtime      # DAGs    # Errors  Last Runtime    Last Run
---------------------------------------  -----  ---------  --------  ----------  --------------  -------------------
/opt/airflow/dags/dag_higiene_lisboa.py                           1           0  0.13s           2025-12-14T00:14:39
================================================================================
[2025-12-14T00:15:34.962+0000] {manager.py:878} INFO - 
================================================================================
DAG File Processing Stats

File Path                                PID    Runtime      # DAGs    # Errors  Last Runtime    Last Run
---------------------------------------  -----  ---------  --------  ----------  --------------  -------------------
/opt/airflow/dags/dag_higiene_lisboa.py                           1           0  0.15s           2025-12-14T00:15:09
================================================================================
[2025-12-14T00:16:05.237+0000] {manager.py:878} INFO - 
================================================================================
DAG File Processing Stats

File Path                                PID    Runtime      # DAGs    # Errors  Last Runtime    Last Run
---------------------------------------  -----  ---------  --------  ----------  --------------  -------------------
/opt/airflow/dags/dag_higiene_lisboa.py                           1           0  0.15s           2025-12-14T00:15:40
================================================================================
[2025-12-14T00:16:35.405+0000] {manager.py:878} INFO - 
================================================================================
DAG File Processing Stats

File Path                                PID    Runtime      # DAGs    # Errors  Last Runtime    Last Run
---------------------------------------  -----  ---------  --------  ----------  --------------  -------------------
/opt/airflow/dags/dag_higiene_lisboa.py                           1           0  0.15s           2025-12-14T00:16:10
================================================================================
[2025-12-14T00:17:05.671+0000] {manager.py:878} INFO - 
================================================================================
DAG File Processing Stats

File Path                                PID    Runtime      # DAGs    # Errors  Last Runtime    Last Run
---------------------------------------  -----  ---------  --------  ----------  --------------  -------------------
/opt/airflow/dags/dag_higiene_lisboa.py                           1           0  0.15s           2025-12-14T00:16:40
================================================================================
[2025-12-14T00:17:35.841+0000] {manager.py:878} INFO - 
================================================================================
DAG File Processing Stats

File Path                                PID    Runtime      # DAGs    # Errors  Last Runtime    Last Run
---------------------------------------  -----  ---------  --------  ----------  --------------  -------------------
/opt/airflow/dags/dag_higiene_lisboa.py                           1           0  0.16s           2025-12-14T00:17:10
================================================================================
[2025-12-14T00:18:06.122+0000] {manager.py:878} INFO - 
================================================================================
DAG File Processing Stats

File Path                                PID    Runtime      # DAGs    # Errors  Last Runtime    Last Run
---------------------------------------  -----  ---------  --------  ----------  --------------  -------------------
/opt/airflow/dags/dag_higiene_lisboa.py                           1           0  0.15s           2025-12-14T00:17:41
================================================================================
[2025-12-14T00:18:36.294+0000] {manager.py:878} INFO - 
================================================================================
DAG File Processing Stats

File Path                                PID    Runtime      # DAGs    # Errors  Last Runtime    Last Run
---------------------------------------  -----  ---------  --------  ----------  --------------  -------------------
/opt/airflow/dags/dag_higiene_lisboa.py                           1           0  0.16s           2025-12-14T00:18:11
================================================================================
[2025-12-14T00:19:06.578+0000] {manager.py:878} INFO - 
================================================================================
DAG File Processing Stats

File Path                                PID    Runtime      # DAGs    # Errors  Last Runtime    Last Run
---------------------------------------  -----  ---------  --------  ----------  --------------  -------------------
/opt/airflow/dags/dag_higiene_lisboa.py                           1           0  0.15s           2025-12-14T00:18:41
================================================================================
[2025-12-14T00:19:36.751+0000] {manager.py:878} INFO - 
================================================================================
DAG File Processing Stats

File Path                                PID    Runtime      # DAGs    # Errors  Last Runtime    Last Run
---------------------------------------  -----  ---------  --------  ----------  --------------  -------------------
/opt/airflow/dags/dag_higiene_lisboa.py                           1           0  0.16s           2025-12-14T00:19:11
================================================================================
[2025-12-14T00:20:00.998+0000] {manager.py:737} INFO - Searching for files in /opt/airflow/dags
[2025-12-14T00:20:01.000+0000] {manager.py:740} INFO - There are 1 files in /opt/airflow/dags
[2025-12-14T00:20:07.042+0000] {manager.py:878} INFO - 
================================================================================
DAG File Processing Stats

File Path                                PID    Runtime      # DAGs    # Errors  Last Runtime    Last Run
---------------------------------------  -----  ---------  --------  ----------  --------------  -------------------
/opt/airflow/dags/dag_higiene_lisboa.py                           1           0  0.16s           2025-12-14T00:19:41
================================================================================
[2025-12-14T00:20:43.028+0000] {manager.py:878} INFO - 
================================================================================
DAG File Processing Stats

File Path                                  PID  Runtime      # DAGs    # Errors  Last Runtime    Last Run
---------------------------------------  -----  ---------  --------  ----------  --------------  -------------------
/opt/airflow/dags/dag_higiene_lisboa.py    658  30.09s            1           0  0.16s           2025-12-14T00:19:41
================================================================================
[2025-12-14T00:21:13.153+0000] {manager.py:878} INFO - 
================================================================================
DAG File Processing Stats

File Path                                PID    Runtime      # DAGs    # Errors  Last Runtime    Last Run
---------------------------------------  -----  ---------  --------  ----------  --------------  -------------------
/opt/airflow/dags/dag_higiene_lisboa.py                           1           0  31.84s          2025-12-14T00:20:44
================================================================================
[2025-12-14T00:21:43.168+0000] {manager.py:878} INFO - 
================================================================================
DAG File Processing Stats

File Path                                PID    Runtime      # DAGs    # Errors  Last Runtime    Last Run
---------------------------------------  -----  ---------  --------  ----------  --------------  -------------------
/opt/airflow/dags/dag_higiene_lisboa.py                           1           0  0.14s           2025-12-14T00:21:15
================================================================================
[2025-12-14T00:22:13.316+0000] {manager.py:878} INFO - 
================================================================================
DAG File Processing Stats

File Path                                PID    Runtime      # DAGs    # Errors  Last Runtime    Last Run
---------------------------------------  -----  ---------  --------  ----------  --------------  -------------------
/opt/airflow/dags/dag_higiene_lisboa.py                           1           0  0.16s           2025-12-14T00:21:45
================================================================================
[2025-12-14T00:22:43.486+0000] {manager.py:878} INFO - 
================================================================================
DAG File Processing Stats

File Path                                PID    Runtime      # DAGs    # Errors  Last Runtime    Last Run
---------------------------------------  -----  ---------  --------  ----------  --------------  -------------------
/opt/airflow/dags/dag_higiene_lisboa.py                           1           0  0.13s           2025-12-14T00:22:15
================================================================================
[2025-12-14T00:23:13.741+0000] {manager.py:878} INFO - 
================================================================================
DAG File Processing Stats

File Path                                PID    Runtime      # DAGs    # Errors  Last Runtime    Last Run
---------------------------------------  -----  ---------  --------  ----------  --------------  -------------------
/opt/airflow/dags/dag_higiene_lisboa.py                           1           0  0.15s           2025-12-14T00:22:45
================================================================================
[2025-12-14T00:23:43.911+0000] {manager.py:878} INFO - 
================================================================================
DAG File Processing Stats

File Path                                PID    Runtime      # DAGs    # Errors  Last Runtime    Last Run
---------------------------------------  -----  ---------  --------  ----------  --------------  -------------------
/opt/airflow/dags/dag_higiene_lisboa.py                           1           0  0.15s           2025-12-14T00:23:15
================================================================================
[2025-12-14T00:24:14.172+0000] {manager.py:878} INFO - 
================================================================================
DAG File Processing Stats

File Path                                PID    Runtime      # DAGs    # Errors  Last Runtime    Last Run
---------------------------------------  -----  ---------  --------  ----------  --------------  -------------------
/opt/airflow/dags/dag_higiene_lisboa.py                           1           0  0.15s           2025-12-14T00:23:46
================================================================================
[2025-12-14T00:24:44.342+0000] {manager.py:878} INFO - 
================================================================================
DAG File Processing Stats

File Path                                PID    Runtime      # DAGs    # Errors  Last Runtime    Last Run
---------------------------------------  -----  ---------  --------  ----------  --------------  -------------------
/opt/airflow/dags/dag_higiene_lisboa.py                           1           0  0.16s           2025-12-14T00:24:16
================================================================================
[2025-12-14T00:25:01.549+0000] {manager.py:737} INFO - Searching for files in /opt/airflow/dags
[2025-12-14T00:25:01.551+0000] {manager.py:740} INFO - There are 1 files in /opt/airflow/dags
[2025-12-14T00:25:14.627+0000] {manager.py:878} INFO - 
================================================================================
DAG File Processing Stats

File Path                                PID    Runtime      # DAGs    # Errors  Last Runtime    Last Run
---------------------------------------  -----  ---------  --------  ----------  --------------  -------------------
/opt/airflow/dags/dag_higiene_lisboa.py                           1           0  0.15s           2025-12-14T00:24:46
================================================================================
[2025-12-14T00:25:44.785+0000] {manager.py:878} INFO - 
================================================================================
DAG File Processing Stats

File Path                                PID    Runtime      # DAGs    # Errors  Last Runtime    Last Run
---------------------------------------  -----  ---------  --------  ----------  --------------  -------------------
/opt/airflow/dags/dag_higiene_lisboa.py                           1           0  0.15s           2025-12-14T00:25:16
================================================================================
[2025-12-14T00:26:15.063+0000] {manager.py:878} INFO - 
================================================================================
DAG File Processing Stats

File Path                                PID    Runtime      # DAGs    # Errors  Last Runtime    Last Run
---------------------------------------  -----  ---------  --------  ----------  --------------  -------------------
/opt/airflow/dags/dag_higiene_lisboa.py                           1           0  0.16s           2025-12-14T00:25:46
================================================================================
[2025-12-14T00:26:45.231+0000] {manager.py:878} INFO - 
================================================================================
DAG File Processing Stats

File Path                                PID    Runtime      # DAGs    # Errors  Last Runtime    Last Run
---------------------------------------  -----  ---------  --------  ----------  --------------  -------------------
/opt/airflow/dags/dag_higiene_lisboa.py                           1           0  0.19s           2025-12-14T00:26:17
================================================================================
[2025-12-14T00:27:15.548+0000] {manager.py:878} INFO - 
================================================================================
DAG File Processing Stats

File Path                                PID    Runtime      # DAGs    # Errors  Last Runtime    Last Run
---------------------------------------  -----  ---------  --------  ----------  --------------  -------------------
/opt/airflow/dags/dag_higiene_lisboa.py                           1           0  0.15s           2025-12-14T00:26:47
================================================================================
[2025-12-14T00:27:45.817+0000] {manager.py:878} INFO - 
================================================================================
DAG File Processing Stats

File Path                                PID    Runtime      # DAGs    # Errors  Last Runtime    Last Run
---------------------------------------  -----  ---------  --------  ----------  --------------  -------------------
/opt/airflow/dags/dag_higiene_lisboa.py                           1           0  0.16s           2025-12-14T00:27:17
================================================================================
[2025-12-14T00:28:15.991+0000] {manager.py:878} INFO - 
================================================================================
DAG File Processing Stats

File Path                                PID    Runtime      # DAGs    # Errors  Last Runtime    Last Run
---------------------------------------  -----  ---------  --------  ----------  --------------  -------------------
/opt/airflow/dags/dag_higiene_lisboa.py                           1           0  0.15s           2025-12-14T00:27:47
================================================================================
[2025-12-14T00:28:46.250+0000] {manager.py:878} INFO - 
================================================================================
DAG File Processing Stats

File Path                                PID    Runtime      # DAGs    # Errors  Last Runtime    Last Run
---------------------------------------  -----  ---------  --------  ----------  --------------  -------------------
/opt/airflow/dags/dag_higiene_lisboa.py                           1           0  0.16s           2025-12-14T00:28:18
================================================================================
[2025-12-14T00:29:16.443+0000] {manager.py:878} INFO - 
================================================================================
DAG File Processing Stats

File Path                                PID    Runtime      # DAGs    # Errors  Last Runtime    Last Run
---------------------------------------  -----  ---------  --------  ----------  --------------  -------------------
/opt/airflow/dags/dag_higiene_lisboa.py                           1           0  0.14s           2025-12-14T00:28:48
================================================================================
[2025-12-14T00:29:46.684+0000] {manager.py:878} INFO - 
================================================================================
DAG File Processing Stats

File Path                                PID    Runtime      # DAGs    # Errors  Last Runtime    Last Run
---------------------------------------  -----  ---------  --------  ----------  --------------  -------------------
/opt/airflow/dags/dag_higiene_lisboa.py                           1           0  0.16s           2025-12-14T00:29:18
================================================================================
[2025-12-14T00:30:01.804+0000] {manager.py:737} INFO - Searching for files in /opt/airflow/dags
[2025-12-14T00:30:01.806+0000] {manager.py:740} INFO - There are 1 files in /opt/airflow/dags
[2025-12-14T00:30:16.894+0000] {manager.py:878} INFO - 
================================================================================
DAG File Processing Stats

File Path                                PID    Runtime      # DAGs    # Errors  Last Runtime    Last Run
---------------------------------------  -----  ---------  --------  ----------  --------------  -------------------
/opt/airflow/dags/dag_higiene_lisboa.py                           1           0  0.16s           2025-12-14T00:29:48
================================================================================
[2025-12-14T00:30:47.126+0000] {manager.py:878} INFO - 
================================================================================
DAG File Processing Stats

File Path                                PID    Runtime      # DAGs    # Errors  Last Runtime    Last Run
---------------------------------------  -----  ---------  --------  ----------  --------------  -------------------
/opt/airflow/dags/dag_higiene_lisboa.py                           1           0  0.15s           2025-12-14T00:30:19
================================================================================
[2025-12-14T00:31:13.140+0000] {manager.py:452} INFO - Exiting gracefully upon receiving signal 15
[2025-12-14T13:42:45.399+0000] {manager.py:470} INFO - Processing files using up to 2 processes at a time 
[2025-12-14T13:42:45.492+0000] {manager.py:471} INFO - Process each file at most once every 30 seconds
[2025-12-14T13:42:45.493+0000] {manager.py:472} INFO - Checking for new files in /opt/airflow/dags every 300 seconds
[2025-12-14T13:42:45.494+0000] {manager.py:737} INFO - Searching for files in /opt/airflow/dags
[2025-12-14T13:42:45.494+0000] {manager.py:740} INFO - There are 1 files in /opt/airflow/dags
[2025-12-14T13:42:45.548+0000] {manager.py:878} INFO - 
================================================================================
DAG File Processing Stats

File Path                                  PID  Runtime      # DAGs    # Errors  Last Runtime    Last Run
---------------------------------------  -----  ---------  --------  ----------  --------------  ----------
/opt/airflow/dags/dag_higiene_lisboa.py    172  0.03s             0           0
================================================================================
[2025-12-14T13:43:15.678+0000] {manager.py:878} INFO - 
================================================================================
DAG File Processing Stats

File Path                                PID    Runtime      # DAGs    # Errors  Last Runtime    Last Run
---------------------------------------  -----  ---------  --------  ----------  --------------  -------------------
/opt/airflow/dags/dag_higiene_lisboa.py                           1           0  0.28s           2025-12-14T13:42:45
================================================================================
[2025-12-14T13:43:46.059+0000] {manager.py:878} INFO - 
================================================================================
DAG File Processing Stats

File Path                                PID    Runtime      # DAGs    # Errors  Last Runtime    Last Run
---------------------------------------  -----  ---------  --------  ----------  --------------  -------------------
/opt/airflow/dags/dag_higiene_lisboa.py                           1           0  0.18s           2025-12-14T13:43:16
================================================================================
[2025-12-14T13:44:16.345+0000] {manager.py:878} INFO - 
================================================================================
DAG File Processing Stats

File Path                                PID    Runtime      # DAGs    # Errors  Last Runtime    Last Run
---------------------------------------  -----  ---------  --------  ----------  --------------  -------------------
/opt/airflow/dags/dag_higiene_lisboa.py                           1           0  0.15s           2025-12-14T13:43:46
================================================================================
[2025-12-14T13:44:48.253+0000] {manager.py:878} INFO - 
================================================================================
DAG File Processing Stats

File Path                                  PID  Runtime      # DAGs    # Errors  Last Runtime    Last Run
---------------------------------------  -----  ---------  --------  ----------  --------------  -------------------
/opt/airflow/dags/dag_higiene_lisboa.py    306  0.01s             1           0  0.10s           2025-12-14T13:44:16
================================================================================
[2025-12-14T13:45:19.893+0000] {manager.py:878} INFO - 
================================================================================
DAG File Processing Stats

File Path                                  PID  Runtime      # DAGs    # Errors  Last Runtime    Last Run
---------------------------------------  -----  ---------  --------  ----------  --------------  -------------------
/opt/airflow/dags/dag_higiene_lisboa.py    311  0.01s             1           0  1.59s           2025-12-14T13:44:49
================================================================================
[2025-12-14T13:45:50.074+0000] {manager.py:878} INFO - 
================================================================================
DAG File Processing Stats

File Path                                  PID  Runtime      # DAGs    # Errors  Last Runtime    Last Run
---------------------------------------  -----  ---------  --------  ----------  --------------  -------------------
/opt/airflow/dags/dag_higiene_lisboa.py    316  0.00s             1           0  0.12s           2025-12-14T13:45:20
================================================================================
[2025-12-14T13:46:20.247+0000] {manager.py:878} INFO - 
================================================================================
DAG File Processing Stats

File Path                                  PID  Runtime      # DAGs    # Errors  Last Runtime    Last Run
---------------------------------------  -----  ---------  --------  ----------  --------------  -------------------
/opt/airflow/dags/dag_higiene_lisboa.py    321  0.01s             1           0  0.09s           2025-12-14T13:45:50
================================================================================
[2025-12-14T13:46:50.404+0000] {manager.py:878} INFO - 
================================================================================
DAG File Processing Stats

File Path                                  PID  Runtime      # DAGs    # Errors  Last Runtime    Last Run
---------------------------------------  -----  ---------  --------  ----------  --------------  -------------------
/opt/airflow/dags/dag_higiene_lisboa.py    326  0.01s             1           0  0.14s           2025-12-14T13:46:20
================================================================================
[2025-12-14T13:47:20.628+0000] {manager.py:878} INFO - 
================================================================================
DAG File Processing Stats

File Path                                  PID  Runtime      # DAGs    # Errors  Last Runtime    Last Run
---------------------------------------  -----  ---------  --------  ----------  --------------  -------------------
/opt/airflow/dags/dag_higiene_lisboa.py    331  0.01s             1           0  0.12s           2025-12-14T13:46:50
================================================================================
[2025-12-14T13:47:45.748+0000] {manager.py:737} INFO - Searching for files in /opt/airflow/dags
[2025-12-14T13:47:45.755+0000] {manager.py:740} INFO - There are 1 files in /opt/airflow/dags
[2025-12-14T13:47:50.796+0000] {manager.py:878} INFO - 
================================================================================
DAG File Processing Stats

File Path                                  PID  Runtime      # DAGs    # Errors  Last Runtime    Last Run
---------------------------------------  -----  ---------  --------  ----------  --------------  -------------------
/opt/airflow/dags/dag_higiene_lisboa.py    336  0.01s             1           0  0.11s           2025-12-14T13:47:20
================================================================================
[2025-12-14T13:48:20.974+0000] {manager.py:878} INFO - 
================================================================================
DAG File Processing Stats

File Path                                  PID  Runtime      # DAGs    # Errors  Last Runtime    Last Run
---------------------------------------  -----  ---------  --------  ----------  --------------  -------------------
/opt/airflow/dags/dag_higiene_lisboa.py    341  0.00s             1           0  0.09s           2025-12-14T13:47:50
================================================================================
[2025-12-14T13:48:51.122+0000] {manager.py:878} INFO - 
================================================================================
DAG File Processing Stats

File Path                                  PID  Runtime      # DAGs    # Errors  Last Runtime    Last Run
---------------------------------------  -----  ---------  --------  ----------  --------------  -------------------
/opt/airflow/dags/dag_higiene_lisboa.py    346  0.01s             1           0  0.10s           2025-12-14T13:48:21
================================================================================
[2025-12-14T13:49:21.304+0000] {manager.py:878} INFO - 
================================================================================
DAG File Processing Stats

File Path                                  PID  Runtime      # DAGs    # Errors  Last Runtime    Last Run
---------------------------------------  -----  ---------  --------  ----------  --------------  -------------------
/opt/airflow/dags/dag_higiene_lisboa.py    351  0.00s             1           0  0.10s           2025-12-14T13:48:51
================================================================================
[2025-12-14T13:49:51.456+0000] {manager.py:878} INFO - 
================================================================================
DAG File Processing Stats

File Path                                  PID  Runtime      # DAGs    # Errors  Last Runtime    Last Run
---------------------------------------  -----  ---------  --------  ----------  --------------  -------------------
/opt/airflow/dags/dag_higiene_lisboa.py    394  0.01s             1           0  0.10s           2025-12-14T13:49:21
================================================================================
[2025-12-14T13:50:21.627+0000] {manager.py:878} INFO - 
================================================================================
DAG File Processing Stats

File Path                                  PID  Runtime      # DAGs    # Errors  Last Runtime    Last Run
---------------------------------------  -----  ---------  --------  ----------  --------------  -------------------
/opt/airflow/dags/dag_higiene_lisboa.py    399  0.01s             1           0  0.10s           2025-12-14T13:49:51
================================================================================
[2025-12-14T13:50:51.781+0000] {manager.py:878} INFO - 
================================================================================
DAG File Processing Stats

File Path                                  PID  Runtime      # DAGs    # Errors  Last Runtime    Last Run
---------------------------------------  -----  ---------  --------  ----------  --------------  -------------------
/opt/airflow/dags/dag_higiene_lisboa.py    404  0.00s             1           0  0.10s           2025-12-14T13:50:21
================================================================================
[2025-12-14T13:51:21.951+0000] {manager.py:878} INFO - 
================================================================================
DAG File Processing Stats

File Path                                  PID  Runtime      # DAGs    # Errors  Last Runtime    Last Run
---------------------------------------  -----  ---------  --------  ----------  --------------  -------------------
/opt/airflow/dags/dag_higiene_lisboa.py    409  0.01s             1           0  0.10s           2025-12-14T13:50:51
================================================================================
[2025-12-14T13:51:52.107+0000] {manager.py:878} INFO - 
================================================================================
DAG File Processing Stats

File Path                                  PID  Runtime      # DAGs    # Errors  Last Runtime    Last Run
---------------------------------------  -----  ---------  --------  ----------  --------------  -------------------
/opt/airflow/dags/dag_higiene_lisboa.py    414  0.00s             1           0  0.10s           2025-12-14T13:51:22
================================================================================
[2025-12-14T13:52:22.292+0000] {manager.py:878} INFO - 
================================================================================
DAG File Processing Stats

File Path                                  PID  Runtime      # DAGs    # Errors  Last Runtime    Last Run
---------------------------------------  -----  ---------  --------  ----------  --------------  -------------------
/opt/airflow/dags/dag_higiene_lisboa.py    419  0.00s             1           0  0.10s           2025-12-14T13:51:52
================================================================================
[2025-12-14T13:52:46.494+0000] {manager.py:737} INFO - Searching for files in /opt/airflow/dags
[2025-12-14T13:52:46.502+0000] {manager.py:740} INFO - There are 1 files in /opt/airflow/dags
[2025-12-14T13:52:52.532+0000] {manager.py:878} INFO - 
================================================================================
DAG File Processing Stats

File Path                                PID    Runtime      # DAGs    # Errors  Last Runtime    Last Run
---------------------------------------  -----  ---------  --------  ----------  --------------  -------------------
/opt/airflow/dags/dag_higiene_lisboa.py                           1           0  0.19s           2025-12-14T13:52:30
================================================================================
[2025-12-14T13:53:22.724+0000] {manager.py:878} INFO - 
================================================================================
DAG File Processing Stats

File Path                                PID    Runtime      # DAGs    # Errors  Last Runtime    Last Run
---------------------------------------  -----  ---------  --------  ----------  --------------  -------------------
/opt/airflow/dags/dag_higiene_lisboa.py                           1           0  0.11s           2025-12-14T13:53:00
================================================================================
[2025-12-14T13:53:52.879+0000] {manager.py:878} INFO - 
================================================================================
DAG File Processing Stats

File Path                                PID    Runtime      # DAGs    # Errors  Last Runtime    Last Run
---------------------------------------  -----  ---------  --------  ----------  --------------  -------------------
/opt/airflow/dags/dag_higiene_lisboa.py                           1           0  0.11s           2025-12-14T13:53:30
================================================================================
[2025-12-14T13:54:23.052+0000] {manager.py:878} INFO - 
================================================================================
DAG File Processing Stats

File Path                                PID    Runtime      # DAGs    # Errors  Last Runtime    Last Run
---------------------------------------  -----  ---------  --------  ----------  --------------  -------------------
/opt/airflow/dags/dag_higiene_lisboa.py                           1           0  0.11s           2025-12-14T13:54:01
================================================================================
[2025-12-14T13:54:53.221+0000] {manager.py:878} INFO - 
================================================================================
DAG File Processing Stats

File Path                                PID    Runtime      # DAGs    # Errors  Last Runtime    Last Run
---------------------------------------  -----  ---------  --------  ----------  --------------  -------------------
/opt/airflow/dags/dag_higiene_lisboa.py                           1           0  0.10s           2025-12-14T13:54:31
================================================================================
[2025-12-14T13:55:23.394+0000] {manager.py:878} INFO - 
================================================================================
DAG File Processing Stats

File Path                                PID    Runtime      # DAGs    # Errors  Last Runtime    Last Run
---------------------------------------  -----  ---------  --------  ----------  --------------  -------------------
/opt/airflow/dags/dag_higiene_lisboa.py                           1           0  0.11s           2025-12-14T13:55:01
================================================================================
[2025-12-14T13:55:53.553+0000] {manager.py:878} INFO - 
================================================================================
DAG File Processing Stats

File Path                                PID    Runtime      # DAGs    # Errors  Last Runtime    Last Run
---------------------------------------  -----  ---------  --------  ----------  --------------  -------------------
/opt/airflow/dags/dag_higiene_lisboa.py                           0           1  0.06s           2025-12-14T13:55:26
================================================================================
[2025-12-14T13:56:23.683+0000] {manager.py:878} INFO - 
================================================================================
DAG File Processing Stats

File Path                                PID    Runtime      # DAGs    # Errors  Last Runtime    Last Run
---------------------------------------  -----  ---------  --------  ----------  --------------  -------------------
/opt/airflow/dags/dag_higiene_lisboa.py                           0           1  0.24s           2025-12-14T13:55:56
================================================================================
[2025-12-14T13:56:54.036+0000] {manager.py:878} INFO - 
================================================================================
DAG File Processing Stats

File Path                                PID    Runtime      # DAGs    # Errors  Last Runtime    Last Run
---------------------------------------  -----  ---------  --------  ----------  --------------  -------------------
/opt/airflow/dags/dag_higiene_lisboa.py                           0           1  0.13s           2025-12-14T13:56:27
================================================================================
[2025-12-14T13:57:24.267+0000] {manager.py:878} INFO - 
================================================================================
DAG File Processing Stats

File Path                                PID    Runtime      # DAGs    # Errors  Last Runtime    Last Run
---------------------------------------  -----  ---------  --------  ----------  --------------  -------------------
/opt/airflow/dags/dag_higiene_lisboa.py                           0           1  0.29s           2025-12-14T13:56:57
================================================================================
[2025-12-14T13:57:46.587+0000] {manager.py:737} INFO - Searching for files in /opt/airflow/dags
[2025-12-14T13:57:46.588+0000] {manager.py:740} INFO - There are 1 files in /opt/airflow/dags
[2025-12-14T13:57:54.636+0000] {manager.py:878} INFO - 
================================================================================
DAG File Processing Stats

File Path                                PID    Runtime      # DAGs    # Errors  Last Runtime    Last Run
---------------------------------------  -----  ---------  --------  ----------  --------------  -------------------
/opt/airflow/dags/dag_higiene_lisboa.py                           0           1  0.06s           2025-12-14T13:57:27
================================================================================
[2025-12-14T13:58:24.786+0000] {manager.py:878} INFO - 
================================================================================
DAG File Processing Stats

File Path                                PID    Runtime      # DAGs    # Errors  Last Runtime    Last Run
---------------------------------------  -----  ---------  --------  ----------  --------------  -------------------
/opt/airflow/dags/dag_higiene_lisboa.py                           0           1  0.06s           2025-12-14T13:57:57
================================================================================
[2025-12-14T13:58:55.022+0000] {manager.py:878} INFO - 
================================================================================
DAG File Processing Stats

File Path                                PID    Runtime      # DAGs    # Errors  Last Runtime    Last Run
---------------------------------------  -----  ---------  --------  ----------  --------------  -------------------
/opt/airflow/dags/dag_higiene_lisboa.py                           1           0  0.20s           2025-12-14T13:58:48
================================================================================
[2025-12-14T13:59:25.246+0000] {manager.py:878} INFO - 
================================================================================
DAG File Processing Stats

File Path                                PID    Runtime      # DAGs    # Errors  Last Runtime    Last Run
---------------------------------------  -----  ---------  --------  ----------  --------------  -------------------
/opt/airflow/dags/dag_higiene_lisboa.py                           1           0  0.11s           2025-12-14T13:59:18
================================================================================
[2025-12-14T13:59:55.386+0000] {manager.py:878} INFO - 
================================================================================
DAG File Processing Stats

File Path                                PID    Runtime      # DAGs    # Errors  Last Runtime    Last Run
---------------------------------------  -----  ---------  --------  ----------  --------------  -------------------
/opt/airflow/dags/dag_higiene_lisboa.py                           1           0  0.11s           2025-12-14T13:59:48
================================================================================
[2025-12-14T14:00:25.586+0000] {manager.py:878} INFO - 
================================================================================
DAG File Processing Stats

File Path                                PID    Runtime      # DAGs    # Errors  Last Runtime    Last Run
---------------------------------------  -----  ---------  --------  ----------  --------------  -------------------
/opt/airflow/dags/dag_higiene_lisboa.py                           1           0  0.10s           2025-12-14T14:00:18
================================================================================
[2025-12-14T14:00:55.717+0000] {manager.py:878} INFO - 
================================================================================
DAG File Processing Stats

File Path                                PID    Runtime      # DAGs    # Errors  Last Runtime    Last Run
---------------------------------------  -----  ---------  --------  ----------  --------------  -------------------
/opt/airflow/dags/dag_higiene_lisboa.py                           1           0  0.12s           2025-12-14T14:00:48
================================================================================
[2025-12-14T14:01:25.929+0000] {manager.py:878} INFO - 
================================================================================
DAG File Processing Stats

File Path                                PID    Runtime      # DAGs    # Errors  Last Runtime    Last Run
---------------------------------------  -----  ---------  --------  ----------  --------------  -------------------
/opt/airflow/dags/dag_higiene_lisboa.py                           1           0  0.11s           2025-12-14T14:01:18
================================================================================
[2025-12-14T14:01:56.077+0000] {manager.py:878} INFO - 
================================================================================
DAG File Processing Stats

File Path                                PID    Runtime      # DAGs    # Errors  Last Runtime    Last Run
---------------------------------------  -----  ---------  --------  ----------  --------------  -------------------
/opt/airflow/dags/dag_higiene_lisboa.py                           1           0  0.11s           2025-12-14T14:01:49
================================================================================
[2025-12-14T14:02:26.267+0000] {manager.py:878} INFO - 
================================================================================
DAG File Processing Stats

File Path                                PID    Runtime      # DAGs    # Errors  Last Runtime    Last Run
---------------------------------------  -----  ---------  --------  ----------  --------------  -------------------
/opt/airflow/dags/dag_higiene_lisboa.py                           1           0  0.12s           2025-12-14T14:02:19
================================================================================
[2025-12-14T14:02:47.355+0000] {manager.py:737} INFO - Searching for files in /opt/airflow/dags
[2025-12-14T14:02:47.356+0000] {manager.py:740} INFO - There are 1 files in /opt/airflow/dags
[2025-12-14T14:02:56.424+0000] {manager.py:878} INFO - 
================================================================================
DAG File Processing Stats

File Path                                PID    Runtime      # DAGs    # Errors  Last Runtime    Last Run
---------------------------------------  -----  ---------  --------  ----------  --------------  -------------------
/opt/airflow/dags/dag_higiene_lisboa.py                           1           0  0.11s           2025-12-14T14:02:49
================================================================================
[2025-12-14T14:03:26.614+0000] {manager.py:878} INFO - 
================================================================================
DAG File Processing Stats

File Path                                PID    Runtime      # DAGs    # Errors  Last Runtime    Last Run
---------------------------------------  -----  ---------  --------  ----------  --------------  -------------------
/opt/airflow/dags/dag_higiene_lisboa.py                           1           0  0.12s           2025-12-14T14:03:19
================================================================================
[2025-12-14T14:03:56.772+0000] {manager.py:878} INFO - 
================================================================================
DAG File Processing Stats

File Path                                PID    Runtime      # DAGs    # Errors  Last Runtime    Last Run
---------------------------------------  -----  ---------  --------  ----------  --------------  -------------------
/opt/airflow/dags/dag_higiene_lisboa.py                           1           0  0.11s           2025-12-14T14:03:49
================================================================================
[2025-12-14T14:04:26.951+0000] {manager.py:878} INFO - 
================================================================================
DAG File Processing Stats

File Path                                PID    Runtime      # DAGs    # Errors  Last Runtime    Last Run
---------------------------------------  -----  ---------  --------  ----------  --------------  -------------------
/opt/airflow/dags/dag_higiene_lisboa.py                           1           0  0.11s           2025-12-14T14:04:19
================================================================================
[2025-12-14T14:04:57.093+0000] {manager.py:878} INFO - 
================================================================================
DAG File Processing Stats

File Path                                PID    Runtime      # DAGs    # Errors  Last Runtime    Last Run
---------------------------------------  -----  ---------  --------  ----------  --------------  -------------------
/opt/airflow/dags/dag_higiene_lisboa.py                           1           0  0.12s           2025-12-14T14:04:50
================================================================================
[2025-12-14T14:05:27.297+0000] {manager.py:878} INFO - 
================================================================================
DAG File Processing Stats

File Path                                PID    Runtime      # DAGs    # Errors  Last Runtime    Last Run
---------------------------------------  -----  ---------  --------  ----------  --------------  -------------------
/opt/airflow/dags/dag_higiene_lisboa.py                           1           0  0.11s           2025-12-14T14:05:20
================================================================================
[2025-12-14T14:05:57.444+0000] {manager.py:878} INFO - 
================================================================================
DAG File Processing Stats

File Path                                PID    Runtime      # DAGs    # Errors  Last Runtime    Last Run
---------------------------------------  -----  ---------  --------  ----------  --------------  -------------------
/opt/airflow/dags/dag_higiene_lisboa.py                           1           0  0.12s           2025-12-14T14:05:50
================================================================================
[2025-12-14T14:06:27.651+0000] {manager.py:878} INFO - 
================================================================================
DAG File Processing Stats

File Path                                PID    Runtime      # DAGs    # Errors  Last Runtime    Last Run
---------------------------------------  -----  ---------  --------  ----------  --------------  -------------------
/opt/airflow/dags/dag_higiene_lisboa.py                           1           0  0.11s           2025-12-14T14:06:20
================================================================================
[2025-12-14T14:06:57.792+0000] {manager.py:878} INFO - 
================================================================================
DAG File Processing Stats

File Path                                PID    Runtime      # DAGs    # Errors  Last Runtime    Last Run
---------------------------------------  -----  ---------  --------  ----------  --------------  -------------------
/opt/airflow/dags/dag_higiene_lisboa.py                           1           0  0.11s           2025-12-14T14:06:50
================================================================================
[2025-12-14T14:07:27.994+0000] {manager.py:878} INFO - 
================================================================================
DAG File Processing Stats

File Path                                PID    Runtime      # DAGs    # Errors  Last Runtime    Last Run
---------------------------------------  -----  ---------  --------  ----------  --------------  -------------------
/opt/airflow/dags/dag_higiene_lisboa.py                           1           0  0.11s           2025-12-14T14:07:21
================================================================================
[2025-12-14T14:07:48.085+0000] {manager.py:737} INFO - Searching for files in /opt/airflow/dags
[2025-12-14T14:07:48.086+0000] {manager.py:740} INFO - There are 1 files in /opt/airflow/dags
[2025-12-14T14:07:58.152+0000] {manager.py:878} INFO - 
================================================================================
DAG File Processing Stats

File Path                                PID    Runtime      # DAGs    # Errors  Last Runtime    Last Run
---------------------------------------  -----  ---------  --------  ----------  --------------  -------------------
/opt/airflow/dags/dag_higiene_lisboa.py                           1           0  0.11s           2025-12-14T14:07:51
================================================================================
[2025-12-14T14:08:28.352+0000] {manager.py:878} INFO - 
================================================================================
DAG File Processing Stats

File Path                                PID    Runtime      # DAGs    # Errors  Last Runtime    Last Run
---------------------------------------  -----  ---------  --------  ----------  --------------  -------------------
/opt/airflow/dags/dag_higiene_lisboa.py                           1           0  0.11s           2025-12-14T14:08:21
================================================================================
[2025-12-14T14:08:58.502+0000] {manager.py:878} INFO - 
================================================================================
DAG File Processing Stats

File Path                                PID    Runtime      # DAGs    # Errors  Last Runtime    Last Run
---------------------------------------  -----  ---------  --------  ----------  --------------  -------------------
/opt/airflow/dags/dag_higiene_lisboa.py                           1           0  0.11s           2025-12-14T14:08:51
================================================================================
[2025-12-14T14:09:28.708+0000] {manager.py:878} INFO - 
================================================================================
DAG File Processing Stats

File Path                                PID    Runtime      # DAGs    # Errors  Last Runtime    Last Run
---------------------------------------  -----  ---------  --------  ----------  --------------  -------------------
/opt/airflow/dags/dag_higiene_lisboa.py                           1           0  0.11s           2025-12-14T14:09:21
================================================================================
[2025-12-14T14:09:55.049+0000] {manager.py:452} INFO - Exiting gracefully upon receiving signal 15
[2025-12-15T09:59:19.687+0000] {manager.py:470} INFO - Processing files using up to 2 processes at a time 
[2025-12-15T09:59:19.694+0000] {manager.py:471} INFO - Process each file at most once every 30 seconds
[2025-12-15T09:59:19.694+0000] {manager.py:472} INFO - Checking for new files in /opt/airflow/dags every 300 seconds
[2025-12-15T09:59:19.695+0000] {manager.py:737} INFO - Searching for files in /opt/airflow/dags
[2025-12-15T09:59:19.697+0000] {manager.py:740} INFO - There are 1 files in /opt/airflow/dags
[2025-12-15T09:59:19.777+0000] {manager.py:878} INFO - 
================================================================================
DAG File Processing Stats

File Path                                  PID  Runtime      # DAGs    # Errors  Last Runtime    Last Run
---------------------------------------  -----  ---------  --------  ----------  --------------  ----------
/opt/airflow/dags/dag_higiene_lisboa.py    172  0.04s             0           0
================================================================================
[2025-12-15T09:59:49.926+0000] {manager.py:878} INFO - 
================================================================================
DAG File Processing Stats

File Path                                  PID  Runtime      # DAGs    # Errors  Last Runtime    Last Run
---------------------------------------  -----  ---------  --------  ----------  --------------  -------------------
/opt/airflow/dags/dag_higiene_lisboa.py    346  0.01s             1           0  0.12s           2025-12-15T09:59:19
================================================================================
[2025-12-15T10:00:20.112+0000] {manager.py:878} INFO - 
================================================================================
DAG File Processing Stats

File Path                                PID    Runtime      # DAGs    # Errors  Last Runtime    Last Run
---------------------------------------  -----  ---------  --------  ----------  --------------  -------------------
/opt/airflow/dags/dag_higiene_lisboa.py                           1           0  0.43s           2025-12-15T09:59:50
================================================================================
[2025-12-15T10:00:50.618+0000] {manager.py:878} INFO - 
================================================================================
DAG File Processing Stats

File Path                                PID    Runtime      # DAGs    # Errors  Last Runtime    Last Run
---------------------------------------  -----  ---------  --------  ----------  --------------  -------------------
/opt/airflow/dags/dag_higiene_lisboa.py                           1           0  0.17s           2025-12-15T10:00:20
================================================================================
[2025-12-15T10:01:22.086+0000] {manager.py:878} INFO - 
================================================================================
DAG File Processing Stats

File Path                                  PID  Runtime      # DAGs    # Errors  Last Runtime    Last Run
---------------------------------------  -----  ---------  --------  ----------  --------------  -------------------
/opt/airflow/dags/dag_higiene_lisboa.py    506  30.15s            1           0  0.17s           2025-12-15T10:00:20
================================================================================
[2025-12-15T10:01:52.230+0000] {manager.py:878} INFO - 
================================================================================
DAG File Processing Stats

File Path                                PID    Runtime      # DAGs    # Errors  Last Runtime    Last Run
---------------------------------------  -----  ---------  --------  ----------  --------------  -------------------
/opt/airflow/dags/dag_higiene_lisboa.py                           1           0  40.32s          2025-12-15T10:01:32
================================================================================
[2025-12-15T10:02:22.457+0000] {manager.py:878} INFO - 
================================================================================
DAG File Processing Stats

File Path                                PID    Runtime      # DAGs    # Errors  Last Runtime    Last Run
---------------------------------------  -----  ---------  --------  ----------  --------------  -------------------
/opt/airflow/dags/dag_higiene_lisboa.py                           1           0  0.16s           2025-12-15T10:02:02
================================================================================
[2025-12-15T10:02:53.274+0000] {manager.py:878} INFO - 
================================================================================
DAG File Processing Stats

File Path                                PID    Runtime      # DAGs    # Errors  Last Runtime    Last Run
---------------------------------------  -----  ---------  --------  ----------  --------------  -------------------
/opt/airflow/dags/dag_higiene_lisboa.py                           1           0  0.72s           2025-12-15T10:02:33
================================================================================
[2025-12-15T10:03:23.297+0000] {manager.py:878} INFO - 
================================================================================
DAG File Processing Stats

File Path                                PID    Runtime      # DAGs    # Errors  Last Runtime    Last Run
---------------------------------------  -----  ---------  --------  ----------  --------------  -------------------
/opt/airflow/dags/dag_higiene_lisboa.py                           1           0  0.18s           2025-12-15T10:03:04
================================================================================
[2025-12-15T10:03:53.437+0000] {manager.py:878} INFO - 
================================================================================
DAG File Processing Stats

File Path                                PID    Runtime      # DAGs    # Errors  Last Runtime    Last Run
---------------------------------------  -----  ---------  --------  ----------  --------------  -------------------
/opt/airflow/dags/dag_higiene_lisboa.py                           1           0  0.18s           2025-12-15T10:03:34
================================================================================
[2025-12-15T10:04:19.723+0000] {manager.py:737} INFO - Searching for files in /opt/airflow/dags
[2025-12-15T10:04:19.733+0000] {manager.py:740} INFO - There are 1 files in /opt/airflow/dags
[2025-12-15T10:04:23.770+0000] {manager.py:878} INFO - 
================================================================================
DAG File Processing Stats

File Path                                PID    Runtime      # DAGs    # Errors  Last Runtime    Last Run
---------------------------------------  -----  ---------  --------  ----------  --------------  -------------------
/opt/airflow/dags/dag_higiene_lisboa.py                           1           0  0.16s           2025-12-15T10:04:04
================================================================================
[2025-12-15T10:04:54.030+0000] {manager.py:878} INFO - 
================================================================================
DAG File Processing Stats

File Path                                PID    Runtime      # DAGs    # Errors  Last Runtime    Last Run
---------------------------------------  -----  ---------  --------  ----------  --------------  -------------------
/opt/airflow/dags/dag_higiene_lisboa.py                           1           0  0.17s           2025-12-15T10:04:35
================================================================================
[2025-12-15T10:05:24.226+0000] {manager.py:878} INFO - 
================================================================================
DAG File Processing Stats

File Path                                PID    Runtime      # DAGs    # Errors  Last Runtime    Last Run
---------------------------------------  -----  ---------  --------  ----------  --------------  -------------------
/opt/airflow/dags/dag_higiene_lisboa.py                           1           0  0.17s           2025-12-15T10:05:05
================================================================================
[2025-12-15T10:05:54.482+0000] {manager.py:878} INFO - 
================================================================================
DAG File Processing Stats

File Path                                PID    Runtime      # DAGs    # Errors  Last Runtime    Last Run
---------------------------------------  -----  ---------  --------  ----------  --------------  -------------------
/opt/airflow/dags/dag_higiene_lisboa.py                           1           0  0.17s           2025-12-15T10:05:35
================================================================================
[2025-12-15T10:05:54.663+0000] {manager.py:452} INFO - Exiting gracefully upon receiving signal 15
[2025-12-15T10:09:29.718+0000] {manager.py:470} INFO - Processing files using up to 2 processes at a time 
[2025-12-15T10:09:29.724+0000] {manager.py:471} INFO - Process each file at most once every 30 seconds
[2025-12-15T10:09:29.724+0000] {manager.py:472} INFO - Checking for new files in /opt/airflow/dags every 300 seconds
[2025-12-15T10:09:29.725+0000] {manager.py:737} INFO - Searching for files in /opt/airflow/dags
[2025-12-15T10:09:29.726+0000] {manager.py:740} INFO - There are 1 files in /opt/airflow/dags
[2025-12-15T10:09:29.791+0000] {manager.py:878} INFO - 
================================================================================
DAG File Processing Stats

File Path                                  PID  Runtime      # DAGs    # Errors  Last Runtime    Last Run
---------------------------------------  -----  ---------  --------  ----------  --------------  ----------
/opt/airflow/dags/dag_higiene_lisboa.py    172  0.03s             0           0
================================================================================
[2025-12-15T10:09:59.942+0000] {manager.py:878} INFO - 
================================================================================
DAG File Processing Stats

File Path                                  PID  Runtime      # DAGs    # Errors  Last Runtime    Last Run
---------------------------------------  -----  ---------  --------  ----------  --------------  -------------------
/opt/airflow/dags/dag_higiene_lisboa.py    181  0.01s             1           0  0.10s           2025-12-15T10:09:29
================================================================================
[2025-12-15T10:10:30.114+0000] {manager.py:878} INFO - 
================================================================================
DAG File Processing Stats

File Path                                PID    Runtime      # DAGs    # Errors  Last Runtime    Last Run
---------------------------------------  -----  ---------  --------  ----------  --------------  -------------------
/opt/airflow/dags/dag_higiene_lisboa.py                           1           0  0.45s           2025-12-15T10:10:00
================================================================================
[2025-12-15T10:11:00.679+0000] {manager.py:878} INFO - 
================================================================================
DAG File Processing Stats

File Path                                PID    Runtime      # DAGs    # Errors  Last Runtime    Last Run
---------------------------------------  -----  ---------  --------  ----------  --------------  -------------------
/opt/airflow/dags/dag_higiene_lisboa.py                           1           0  0.16s           2025-12-15T10:10:30
================================================================================
[2025-12-15T10:11:30.990+0000] {manager.py:878} INFO - 
================================================================================
DAG File Processing Stats

File Path                                  PID  Runtime      # DAGs    # Errors  Last Runtime    Last Run
---------------------------------------  -----  ---------  --------  ----------  --------------  -------------------
/opt/airflow/dags/dag_higiene_lisboa.py    196  0.01s             1           0  0.16s           2025-12-15T10:11:00
================================================================================
[2025-12-15T10:12:01.272+0000] {manager.py:878} INFO - 
================================================================================
DAG File Processing Stats

File Path                                  PID  Runtime      # DAGs    # Errors  Last Runtime    Last Run
---------------------------------------  -----  ---------  --------  ----------  --------------  -------------------
/opt/airflow/dags/dag_higiene_lisboa.py    201  0.01s             1           0  0.16s           2025-12-15T10:11:31
================================================================================
[2025-12-15T10:12:31.420+0000] {manager.py:878} INFO - 
================================================================================
DAG File Processing Stats

File Path                                PID    Runtime      # DAGs    # Errors  Last Runtime    Last Run
---------------------------------------  -----  ---------  --------  ----------  --------------  -------------------
/opt/airflow/dags/dag_higiene_lisboa.py                           1           0  0.19s           2025-12-15T10:12:01
================================================================================
[2025-12-15T10:13:01.715+0000] {manager.py:878} INFO - 
================================================================================
DAG File Processing Stats

File Path                                PID    Runtime      # DAGs    # Errors  Last Runtime    Last Run
---------------------------------------  -----  ---------  --------  ----------  --------------  -------------------
/opt/airflow/dags/dag_higiene_lisboa.py                           1           0  0.16s           2025-12-15T10:12:31
================================================================================
[2025-12-15T10:13:32.013+0000] {manager.py:878} INFO - 
================================================================================
DAG File Processing Stats

File Path                                PID    Runtime      # DAGs    # Errors  Last Runtime    Last Run
---------------------------------------  -----  ---------  --------  ----------  --------------  -------------------
/opt/airflow/dags/dag_higiene_lisboa.py                           1           0  0.23s           2025-12-15T10:13:02
================================================================================
[2025-12-15T10:14:02.563+0000] {manager.py:878} INFO - 
================================================================================
DAG File Processing Stats

File Path                                PID    Runtime      # DAGs    # Errors  Last Runtime    Last Run
---------------------------------------  -----  ---------  --------  ----------  --------------  -------------------
/opt/airflow/dags/dag_higiene_lisboa.py                           1           0  0.37s           2025-12-15T10:14:01
================================================================================
[2025-12-15T10:14:29.864+0000] {manager.py:737} INFO - Searching for files in /opt/airflow/dags
[2025-12-15T10:14:29.866+0000] {manager.py:740} INFO - There are 1 files in /opt/airflow/dags
[2025-12-15T10:14:32.905+0000] {manager.py:878} INFO - 
================================================================================
DAG File Processing Stats

File Path                                PID    Runtime      # DAGs    # Errors  Last Runtime    Last Run
---------------------------------------  -----  ---------  --------  ----------  --------------  -------------------
/opt/airflow/dags/dag_higiene_lisboa.py                           1           0  0.16s           2025-12-15T10:14:32
================================================================================
[2025-12-15T10:15:03.192+0000] {manager.py:878} INFO - 
================================================================================
DAG File Processing Stats

File Path                                PID    Runtime      # DAGs    # Errors  Last Runtime    Last Run
---------------------------------------  -----  ---------  --------  ----------  --------------  -------------------
/opt/airflow/dags/dag_higiene_lisboa.py                           1           0  0.17s           2025-12-15T10:15:02
================================================================================
[2025-12-15T10:15:33.361+0000] {manager.py:878} INFO - 
================================================================================
DAG File Processing Stats

File Path                                PID    Runtime      # DAGs    # Errors  Last Runtime    Last Run
---------------------------------------  -----  ---------  --------  ----------  --------------  -------------------
/opt/airflow/dags/dag_higiene_lisboa.py                           1           0  0.18s           2025-12-15T10:15:32
================================================================================
[2025-12-15T10:16:03.665+0000] {manager.py:878} INFO - 
================================================================================
DAG File Processing Stats

File Path                                PID    Runtime      # DAGs    # Errors  Last Runtime    Last Run
---------------------------------------  -----  ---------  --------  ----------  --------------  -------------------
/opt/airflow/dags/dag_higiene_lisboa.py                           1           0  0.17s           2025-12-15T10:16:02
================================================================================
[2025-12-15T10:16:33.960+0000] {manager.py:878} INFO - 
================================================================================
DAG File Processing Stats

File Path                                PID    Runtime      # DAGs    # Errors  Last Runtime    Last Run
---------------------------------------  -----  ---------  --------  ----------  --------------  -------------------
/opt/airflow/dags/dag_higiene_lisboa.py                           1           0  0.19s           2025-12-15T10:16:33
================================================================================
[2025-12-15T10:17:04.152+0000] {manager.py:878} INFO - 
================================================================================
DAG File Processing Stats

File Path                                PID    Runtime      # DAGs    # Errors  Last Runtime    Last Run
---------------------------------------  -----  ---------  --------  ----------  --------------  -------------------
/opt/airflow/dags/dag_higiene_lisboa.py                           1           0  0.17s           2025-12-15T10:17:03
================================================================================
[2025-12-15T10:17:34.409+0000] {manager.py:878} INFO - 
================================================================================
DAG File Processing Stats

File Path                                PID    Runtime      # DAGs    # Errors  Last Runtime    Last Run
---------------------------------------  -----  ---------  --------  ----------  --------------  -------------------
/opt/airflow/dags/dag_higiene_lisboa.py                           1           0  0.15s           2025-12-15T10:17:33
================================================================================
[2025-12-15T10:18:04.563+0000] {manager.py:878} INFO - 
================================================================================
DAG File Processing Stats

File Path                                PID    Runtime      # DAGs    # Errors  Last Runtime    Last Run
---------------------------------------  -----  ---------  --------  ----------  --------------  -------------------
/opt/airflow/dags/dag_higiene_lisboa.py                           1           0  0.15s           2025-12-15T10:18:03
================================================================================
[2025-12-15T10:18:34.811+0000] {manager.py:878} INFO - 
================================================================================
DAG File Processing Stats

File Path                                PID    Runtime      # DAGs    # Errors  Last Runtime    Last Run
---------------------------------------  -----  ---------  --------  ----------  --------------  -------------------
/opt/airflow/dags/dag_higiene_lisboa.py                           1           0  0.14s           2025-12-15T10:18:33
================================================================================
[2025-12-15T10:19:04.959+0000] {manager.py:878} INFO - 
================================================================================
DAG File Processing Stats

File Path                                PID    Runtime      # DAGs    # Errors  Last Runtime    Last Run
---------------------------------------  -----  ---------  --------  ----------  --------------  -------------------
/opt/airflow/dags/dag_higiene_lisboa.py                           1           0  0.13s           2025-12-15T10:19:04
================================================================================
[2025-12-15T10:19:30.063+0000] {manager.py:737} INFO - Searching for files in /opt/airflow/dags
[2025-12-15T10:19:30.070+0000] {manager.py:740} INFO - There are 1 files in /opt/airflow/dags
[2025-12-15T10:19:35.194+0000] {manager.py:878} INFO - 
================================================================================
DAG File Processing Stats

File Path                                PID    Runtime      # DAGs    # Errors  Last Runtime    Last Run
---------------------------------------  -----  ---------  --------  ----------  --------------  -------------------
/opt/airflow/dags/dag_higiene_lisboa.py                           1           0  0.15s           2025-12-15T10:19:34
================================================================================
[2025-12-15T10:20:05.356+0000] {manager.py:878} INFO - 
================================================================================
DAG File Processing Stats

File Path                                PID    Runtime      # DAGs    # Errors  Last Runtime    Last Run
---------------------------------------  -----  ---------  --------  ----------  --------------  -------------------
/opt/airflow/dags/dag_higiene_lisboa.py                           1           0  0.14s           2025-12-15T10:20:04
================================================================================
[2025-12-15T10:20:35.590+0000] {manager.py:878} INFO - 
================================================================================
DAG File Processing Stats

File Path                                PID    Runtime      # DAGs    # Errors  Last Runtime    Last Run
---------------------------------------  -----  ---------  --------  ----------  --------------  -------------------
/opt/airflow/dags/dag_higiene_lisboa.py                           1           0  0.15s           2025-12-15T10:20:34
================================================================================
[2025-12-15T10:21:05.747+0000] {manager.py:878} INFO - 
================================================================================
DAG File Processing Stats

File Path                                PID    Runtime      # DAGs    # Errors  Last Runtime    Last Run
---------------------------------------  -----  ---------  --------  ----------  --------------  -------------------
/opt/airflow/dags/dag_higiene_lisboa.py                           1           0  0.16s           2025-12-15T10:21:04
================================================================================
[2025-12-15T10:21:36.000+0000] {manager.py:878} INFO - 
================================================================================
DAG File Processing Stats

File Path                                PID    Runtime      # DAGs    # Errors  Last Runtime    Last Run
---------------------------------------  -----  ---------  --------  ----------  --------------  -------------------
/opt/airflow/dags/dag_higiene_lisboa.py                           1           0  0.16s           2025-12-15T10:21:35
================================================================================
[2025-12-15T10:22:06.277+0000] {manager.py:878} INFO - 
================================================================================
DAG File Processing Stats

File Path                                PID    Runtime      # DAGs    # Errors  Last Runtime    Last Run
---------------------------------------  -----  ---------  --------  ----------  --------------  -------------------
/opt/airflow/dags/dag_higiene_lisboa.py                           1           0  0.15s           2025-12-15T10:22:05
================================================================================
[2025-12-15T10:22:36.541+0000] {manager.py:878} INFO - 
================================================================================
DAG File Processing Stats

File Path                                PID    Runtime      # DAGs    # Errors  Last Runtime    Last Run
---------------------------------------  -----  ---------  --------  ----------  --------------  -------------------
/opt/airflow/dags/dag_higiene_lisboa.py                           1           0  0.15s           2025-12-15T10:22:35
================================================================================
[2025-12-15T10:23:06.802+0000] {manager.py:878} INFO - 
================================================================================
DAG File Processing Stats

File Path                                PID    Runtime      # DAGs    # Errors  Last Runtime    Last Run
---------------------------------------  -----  ---------  --------  ----------  --------------  -------------------
/opt/airflow/dags/dag_higiene_lisboa.py                           1           0  0.15s           2025-12-15T10:23:05
================================================================================
[2025-12-15T10:23:37.074+0000] {manager.py:878} INFO - 
================================================================================
DAG File Processing Stats

File Path                                PID    Runtime      # DAGs    # Errors  Last Runtime    Last Run
---------------------------------------  -----  ---------  --------  ----------  --------------  -------------------
/opt/airflow/dags/dag_higiene_lisboa.py                           1           0  0.15s           2025-12-15T10:23:36
================================================================================
[2025-12-15T10:23:39.165+0000] {manager.py:452} INFO - Exiting gracefully upon receiving signal 15
[2025-12-15T10:36:57.127+0000] {manager.py:470} INFO - Processing files using up to 2 processes at a time 
[2025-12-15T10:36:57.134+0000] {manager.py:471} INFO - Process each file at most once every 30 seconds
[2025-12-15T10:36:57.134+0000] {manager.py:472} INFO - Checking for new files in /opt/airflow/dags every 300 seconds
[2025-12-15T10:36:57.134+0000] {manager.py:737} INFO - Searching for files in /opt/airflow/dags
[2025-12-15T10:36:57.136+0000] {manager.py:740} INFO - There are 1 files in /opt/airflow/dags
[2025-12-15T10:36:57.201+0000] {manager.py:878} INFO - 
================================================================================
DAG File Processing Stats

File Path                                  PID  Runtime      # DAGs    # Errors  Last Runtime    Last Run
---------------------------------------  -----  ---------  --------  ----------  --------------  ----------
/opt/airflow/dags/dag_higiene_lisboa.py    172  0.03s             0           0
================================================================================
[2025-12-15T10:37:27.334+0000] {manager.py:878} INFO - 
================================================================================
DAG File Processing Stats

File Path                                  PID  Runtime      # DAGs    # Errors  Last Runtime    Last Run
---------------------------------------  -----  ---------  --------  ----------  --------------  -------------------
/opt/airflow/dags/dag_higiene_lisboa.py    178  0.01s             1           0  0.12s           2025-12-15T10:36:57
================================================================================
[2025-12-15T10:37:57.530+0000] {manager.py:878} INFO - 
================================================================================
DAG File Processing Stats

File Path                                PID    Runtime      # DAGs    # Errors  Last Runtime    Last Run
---------------------------------------  -----  ---------  --------  ----------  --------------  -------------------
/opt/airflow/dags/dag_higiene_lisboa.py                           1           0  0.40s           2025-12-15T10:37:27
================================================================================
[2025-12-15T10:38:28.007+0000] {manager.py:878} INFO - 
================================================================================
DAG File Processing Stats

File Path                                PID    Runtime      # DAGs    # Errors  Last Runtime    Last Run
---------------------------------------  -----  ---------  --------  ----------  --------------  -------------------
/opt/airflow/dags/dag_higiene_lisboa.py                           1           0  0.16s           2025-12-15T10:37:58
================================================================================
[2025-12-15T10:38:58.664+0000] {manager.py:878} INFO - 
================================================================================
DAG File Processing Stats

File Path                                PID    Runtime      # DAGs    # Errors  Last Runtime    Last Run
---------------------------------------  -----  ---------  --------  ----------  --------------  -------------------
/opt/airflow/dags/dag_higiene_lisboa.py                           1           0  4.80s           2025-12-15T10:38:33
================================================================================
[2025-12-15T10:39:28.726+0000] {manager.py:878} INFO - 
================================================================================
DAG File Processing Stats

File Path                                PID    Runtime      # DAGs    # Errors  Last Runtime    Last Run
---------------------------------------  -----  ---------  --------  ----------  --------------  -------------------
/opt/airflow/dags/dag_higiene_lisboa.py                           1           0  0.14s           2025-12-15T10:39:03
================================================================================
[2025-12-15T10:39:58.872+0000] {manager.py:878} INFO - 
================================================================================
DAG File Processing Stats

File Path                                PID    Runtime      # DAGs    # Errors  Last Runtime    Last Run
---------------------------------------  -----  ---------  --------  ----------  --------------  -------------------
/opt/airflow/dags/dag_higiene_lisboa.py                           1           0  0.14s           2025-12-15T10:39:33
================================================================================
[2025-12-15T10:40:29.022+0000] {manager.py:878} INFO - 
================================================================================
DAG File Processing Stats

File Path                                PID    Runtime      # DAGs    # Errors  Last Runtime    Last Run
---------------------------------------  -----  ---------  --------  ----------  --------------  -------------------
/opt/airflow/dags/dag_higiene_lisboa.py                           1           0  0.17s           2025-12-15T10:40:04
================================================================================
[2025-12-15T10:40:59.530+0000] {manager.py:878} INFO - 
================================================================================
DAG File Processing Stats

File Path                                PID    Runtime      # DAGs    # Errors  Last Runtime    Last Run
---------------------------------------  -----  ---------  --------  ----------  --------------  -------------------
/opt/airflow/dags/dag_higiene_lisboa.py                           1           0  0.14s           2025-12-15T10:40:47
================================================================================
[2025-12-15T10:41:29.769+0000] {manager.py:878} INFO - 
================================================================================
DAG File Processing Stats

File Path                                PID    Runtime      # DAGs    # Errors  Last Runtime    Last Run
---------------------------------------  -----  ---------  --------  ----------  --------------  -------------------
/opt/airflow/dags/dag_higiene_lisboa.py                           1           0  0.24s           2025-12-15T10:41:17
================================================================================
[2025-12-15T10:41:57.145+0000] {manager.py:737} INFO - Searching for files in /opt/airflow/dags
[2025-12-15T10:41:57.147+0000] {manager.py:740} INFO - There are 1 files in /opt/airflow/dags
[2025-12-15T10:42:00.023+0000] {manager.py:878} INFO - 
================================================================================
DAG File Processing Stats

File Path                                PID    Runtime      # DAGs    # Errors  Last Runtime    Last Run
---------------------------------------  -----  ---------  --------  ----------  --------------  -------------------
/opt/airflow/dags/dag_higiene_lisboa.py                           1           0  0.14s           2025-12-15T10:41:48
================================================================================
[2025-12-15T10:42:30.291+0000] {manager.py:878} INFO - 
================================================================================
DAG File Processing Stats

File Path                                PID    Runtime      # DAGs    # Errors  Last Runtime    Last Run
---------------------------------------  -----  ---------  --------  ----------  --------------  -------------------
/opt/airflow/dags/dag_higiene_lisboa.py                           1           0  8.54s           2025-12-15T10:42:26
================================================================================
[2025-12-15T10:43:01.248+0000] {manager.py:878} INFO - 
================================================================================
DAG File Processing Stats

File Path                                PID    Runtime      # DAGs    # Errors  Last Runtime    Last Run
---------------------------------------  -----  ---------  --------  ----------  --------------  -------------------
/opt/airflow/dags/dag_higiene_lisboa.py                           1           0  0.15s           2025-12-15T10:42:57
================================================================================
[2025-12-15T10:43:31.502+0000] {manager.py:878} INFO - 
================================================================================
DAG File Processing Stats

File Path                                PID    Runtime      # DAGs    # Errors  Last Runtime    Last Run
---------------------------------------  -----  ---------  --------  ----------  --------------  -------------------
/opt/airflow/dags/dag_higiene_lisboa.py                           1           0  0.17s           2025-12-15T10:43:27
================================================================================
[2025-12-15T10:44:01.781+0000] {manager.py:878} INFO - 
================================================================================
DAG File Processing Stats

File Path                                PID    Runtime      # DAGs    # Errors  Last Runtime    Last Run
---------------------------------------  -----  ---------  --------  ----------  --------------  -------------------
/opt/airflow/dags/dag_higiene_lisboa.py                           1           0  0.15s           2025-12-15T10:43:57
================================================================================
[2025-12-15T10:44:32.056+0000] {manager.py:878} INFO - 
================================================================================
DAG File Processing Stats

File Path                                PID    Runtime      # DAGs    # Errors  Last Runtime    Last Run
---------------------------------------  -----  ---------  --------  ----------  --------------  -------------------
/opt/airflow/dags/dag_higiene_lisboa.py                           1           0  0.15s           2025-12-15T10:44:28
================================================================================
[2025-12-15T10:45:02.329+0000] {manager.py:878} INFO - 
================================================================================
DAG File Processing Stats

File Path                                PID    Runtime      # DAGs    # Errors  Last Runtime    Last Run
---------------------------------------  -----  ---------  --------  ----------  --------------  -------------------
/opt/airflow/dags/dag_higiene_lisboa.py                           1           0  0.18s           2025-12-15T10:44:58
================================================================================
[2025-12-15T10:45:32.509+0000] {manager.py:878} INFO - 
================================================================================
DAG File Processing Stats

File Path                                PID    Runtime      # DAGs    # Errors  Last Runtime    Last Run
---------------------------------------  -----  ---------  --------  ----------  --------------  -------------------
/opt/airflow/dags/dag_higiene_lisboa.py                           1           0  0.17s           2025-12-15T10:45:28
================================================================================
[2025-12-15T10:46:02.775+0000] {manager.py:878} INFO - 
================================================================================
DAG File Processing Stats

File Path                                PID    Runtime      # DAGs    # Errors  Last Runtime    Last Run
---------------------------------------  -----  ---------  --------  ----------  --------------  -------------------
/opt/airflow/dags/dag_higiene_lisboa.py                           1           0  0.16s           2025-12-15T10:45:58
================================================================================
[2025-12-15T10:46:32.924+0000] {manager.py:878} INFO - 
================================================================================
DAG File Processing Stats

File Path                                PID    Runtime      # DAGs    # Errors  Last Runtime    Last Run
---------------------------------------  -----  ---------  --------  ----------  --------------  -------------------
/opt/airflow/dags/dag_higiene_lisboa.py                           1           0  0.16s           2025-12-15T10:46:29
================================================================================
[2025-12-15T10:46:57.153+0000] {manager.py:737} INFO - Searching for files in /opt/airflow/dags
[2025-12-15T10:46:57.154+0000] {manager.py:740} INFO - There are 1 files in /opt/airflow/dags
[2025-12-15T10:47:03.199+0000] {manager.py:878} INFO - 
================================================================================
DAG File Processing Stats

File Path                                PID    Runtime      # DAGs    # Errors  Last Runtime    Last Run
---------------------------------------  -----  ---------  --------  ----------  --------------  -------------------
/opt/airflow/dags/dag_higiene_lisboa.py                           1           0  0.16s           2025-12-15T10:46:59
================================================================================
[2025-12-15T10:47:33.473+0000] {manager.py:878} INFO - 
================================================================================
DAG File Processing Stats

File Path                                PID    Runtime      # DAGs    # Errors  Last Runtime    Last Run
---------------------------------------  -----  ---------  --------  ----------  --------------  -------------------
/opt/airflow/dags/dag_higiene_lisboa.py                           1           0  0.16s           2025-12-15T10:47:29
================================================================================
[2025-12-15T10:48:10.360+0000] {manager.py:878} INFO - 
================================================================================
DAG File Processing Stats

File Path                                  PID  Runtime      # DAGs    # Errors  Last Runtime    Last Run
---------------------------------------  -----  ---------  --------  ----------  --------------  -------------------
/opt/airflow/dags/dag_higiene_lisboa.py    774  10.61s            1           0  0.16s           2025-12-15T10:47:29
================================================================================
[2025-12-15T10:48:40.494+0000] {manager.py:878} INFO - 
================================================================================
DAG File Processing Stats

File Path                                PID    Runtime      # DAGs    # Errors  Last Runtime    Last Run
---------------------------------------  -----  ---------  --------  ----------  --------------  -------------------
/opt/airflow/dags/dag_higiene_lisboa.py                           1           0  11.19s          2025-12-15T10:48:10
================================================================================
[2025-12-15T10:49:11.224+0000] {manager.py:878} INFO - 
================================================================================
DAG File Processing Stats

File Path                                  PID  Runtime      # DAGs    # Errors  Last Runtime    Last Run
---------------------------------------  -----  ---------  --------  ----------  --------------  -------------------
/opt/airflow/dags/dag_higiene_lisboa.py    830  0.01s             1           0  0.11s           2025-12-15T10:48:41
================================================================================
[2025-12-15T10:49:41.449+0000] {manager.py:878} INFO - 
================================================================================
DAG File Processing Stats

File Path                                  PID  Runtime      # DAGs    # Errors  Last Runtime    Last Run
---------------------------------------  -----  ---------  --------  ----------  --------------  -------------------
/opt/airflow/dags/dag_higiene_lisboa.py    835  0.01s             1           0  0.21s           2025-12-15T10:49:11
================================================================================
[2025-12-15T10:50:11.725+0000] {manager.py:878} INFO - 
================================================================================
DAG File Processing Stats

File Path                                  PID  Runtime      # DAGs    # Errors  Last Runtime    Last Run
---------------------------------------  -----  ---------  --------  ----------  --------------  -------------------
/opt/airflow/dags/dag_higiene_lisboa.py    840  0.01s             1           0  0.17s           2025-12-15T10:49:41
================================================================================
[2025-12-15T10:50:41.913+0000] {manager.py:878} INFO - 
================================================================================
DAG File Processing Stats

File Path                                  PID  Runtime      # DAGs    # Errors  Last Runtime    Last Run
---------------------------------------  -----  ---------  --------  ----------  --------------  -------------------
/opt/airflow/dags/dag_higiene_lisboa.py    845  0.01s             1           0  0.17s           2025-12-15T10:50:11
================================================================================
[2025-12-15T10:51:12.188+0000] {manager.py:878} INFO - 
================================================================================
DAG File Processing Stats

File Path                                  PID  Runtime      # DAGs    # Errors  Last Runtime    Last Run
---------------------------------------  -----  ---------  --------  ----------  --------------  -------------------
/opt/airflow/dags/dag_higiene_lisboa.py    850  0.01s             1           0  0.17s           2025-12-15T10:50:42
================================================================================
[2025-12-15T10:51:42.366+0000] {manager.py:878} INFO - 
================================================================================
DAG File Processing Stats

File Path                                  PID  Runtime      # DAGs    # Errors  Last Runtime    Last Run
---------------------------------------  -----  ---------  --------  ----------  --------------  -------------------
/opt/airflow/dags/dag_higiene_lisboa.py    855  0.01s             1           0  0.16s           2025-12-15T10:51:12
================================================================================
[2025-12-15T10:51:57.551+0000] {manager.py:737} INFO - Searching for files in /opt/airflow/dags
[2025-12-15T10:51:57.552+0000] {manager.py:740} INFO - There are 1 files in /opt/airflow/dags
[2025-12-15T10:52:12.651+0000] {manager.py:878} INFO - 
================================================================================
DAG File Processing Stats

File Path                                  PID  Runtime      # DAGs    # Errors  Last Runtime    Last Run
---------------------------------------  -----  ---------  --------  ----------  --------------  -------------------
/opt/airflow/dags/dag_higiene_lisboa.py    860  0.01s             1           0  0.17s           2025-12-15T10:51:42
================================================================================
[2025-12-15T10:52:42.791+0000] {manager.py:878} INFO - 
================================================================================
DAG File Processing Stats

File Path                                PID    Runtime      # DAGs    # Errors  Last Runtime    Last Run
---------------------------------------  -----  ---------  --------  ----------  --------------  -------------------
/opt/airflow/dags/dag_higiene_lisboa.py                           1           0  0.16s           2025-12-15T10:52:12
================================================================================
[2025-12-15T10:53:13.081+0000] {manager.py:878} INFO - 
================================================================================
DAG File Processing Stats

File Path                                PID    Runtime      # DAGs    # Errors  Last Runtime    Last Run
---------------------------------------  -----  ---------  --------  ----------  --------------  -------------------
/opt/airflow/dags/dag_higiene_lisboa.py                           1           0  0.18s           2025-12-15T10:52:43
================================================================================
[2025-12-15T10:53:43.400+0000] {manager.py:878} INFO - 
================================================================================
DAG File Processing Stats

File Path                                PID    Runtime      # DAGs    # Errors  Last Runtime    Last Run
---------------------------------------  -----  ---------  --------  ----------  --------------  -------------------
/opt/airflow/dags/dag_higiene_lisboa.py                           1           0  0.18s           2025-12-15T10:53:13
================================================================================
[2025-12-15T10:54:13.704+0000] {manager.py:878} INFO - 
================================================================================
DAG File Processing Stats

File Path                                PID    Runtime      # DAGs    # Errors  Last Runtime    Last Run
---------------------------------------  -----  ---------  --------  ----------  --------------  -------------------
/opt/airflow/dags/dag_higiene_lisboa.py                           1           0  0.17s           2025-12-15T10:53:43
================================================================================
[2025-12-15T10:54:43.989+0000] {manager.py:878} INFO - 
================================================================================
DAG File Processing Stats

File Path                                PID    Runtime      # DAGs    # Errors  Last Runtime    Last Run
---------------------------------------  -----  ---------  --------  ----------  --------------  -------------------
/opt/airflow/dags/dag_higiene_lisboa.py                           1           0  0.18s           2025-12-15T10:54:14
================================================================================
[2025-12-15T10:55:14.314+0000] {manager.py:878} INFO - 
================================================================================
DAG File Processing Stats

File Path                                PID    Runtime      # DAGs    # Errors  Last Runtime    Last Run
---------------------------------------  -----  ---------  --------  ----------  --------------  -------------------
/opt/airflow/dags/dag_higiene_lisboa.py                           1           0  0.17s           2025-12-15T10:54:44
================================================================================
[2025-12-15T10:55:21.477+0000] {manager.py:452} INFO - Exiting gracefully upon receiving signal 15
[2025-12-16T09:35:31.089+0000] {manager.py:470} INFO - Processing files using up to 2 processes at a time 
[2025-12-16T09:35:31.096+0000] {manager.py:471} INFO - Process each file at most once every 30 seconds
[2025-12-16T09:35:31.097+0000] {manager.py:472} INFO - Checking for new files in /opt/airflow/dags every 300 seconds
[2025-12-16T09:35:31.097+0000] {manager.py:737} INFO - Searching for files in /opt/airflow/dags
[2025-12-16T09:35:31.099+0000] {manager.py:740} INFO - There are 1 files in /opt/airflow/dags
[2025-12-16T09:35:31.161+0000] {manager.py:878} INFO - 
================================================================================
DAG File Processing Stats

File Path                                  PID  Runtime      # DAGs    # Errors  Last Runtime    Last Run
---------------------------------------  -----  ---------  --------  ----------  --------------  ----------
/opt/airflow/dags/dag_higiene_lisboa.py    171  0.03s             0           0
================================================================================
[2025-12-16T09:36:01.309+0000] {manager.py:878} INFO - 
================================================================================
DAG File Processing Stats

File Path                                  PID  Runtime      # DAGs    # Errors  Last Runtime    Last Run
---------------------------------------  -----  ---------  --------  ----------  --------------  -------------------
/opt/airflow/dags/dag_higiene_lisboa.py    409  0.01s             1           0  0.10s           2025-12-16T09:35:31
================================================================================
[2025-12-16T09:36:31.505+0000] {manager.py:878} INFO - 
================================================================================
DAG File Processing Stats

File Path                                PID    Runtime      # DAGs    # Errors  Last Runtime    Last Run
---------------------------------------  -----  ---------  --------  ----------  --------------  -------------------
/opt/airflow/dags/dag_higiene_lisboa.py                           1           0  0.29s           2025-12-16T09:36:01
================================================================================
[2025-12-16T09:37:01.889+0000] {manager.py:878} INFO - 
================================================================================
DAG File Processing Stats

File Path                                  PID  Runtime      # DAGs    # Errors  Last Runtime    Last Run
---------------------------------------  -----  ---------  --------  ----------  --------------  -------------------
/opt/airflow/dags/dag_higiene_lisboa.py    419  0.01s             1           0  0.16s           2025-12-16T09:36:31
================================================================================
[2025-12-16T09:37:32.153+0000] {manager.py:878} INFO - 
================================================================================
DAG File Processing Stats

File Path                                  PID  Runtime      # DAGs    # Errors  Last Runtime    Last Run
---------------------------------------  -----  ---------  --------  ----------  --------------  -------------------
/opt/airflow/dags/dag_higiene_lisboa.py    546  0.01s             1           0  0.15s           2025-12-16T09:37:02
================================================================================
[2025-12-16T09:38:02.312+0000] {manager.py:878} INFO - 
================================================================================
DAG File Processing Stats

File Path                                  PID  Runtime      # DAGs    # Errors  Last Runtime    Last Run
---------------------------------------  -----  ---------  --------  ----------  --------------  -------------------
/opt/airflow/dags/dag_higiene_lisboa.py    661  0.01s             1           0  0.13s           2025-12-16T09:37:32
================================================================================
[2025-12-16T09:38:32.562+0000] {manager.py:878} INFO - 
================================================================================
DAG File Processing Stats

File Path                                  PID  Runtime      # DAGs    # Errors  Last Runtime    Last Run
---------------------------------------  -----  ---------  --------  ----------  --------------  -------------------
/opt/airflow/dags/dag_higiene_lisboa.py    666  0.01s             1           0  0.17s           2025-12-16T09:38:02
================================================================================
[2025-12-16T09:39:02.764+0000] {manager.py:878} INFO - 
================================================================================
DAG File Processing Stats

File Path                                  PID  Runtime      # DAGs    # Errors  Last Runtime    Last Run
---------------------------------------  -----  ---------  --------  ----------  --------------  -------------------
/opt/airflow/dags/dag_higiene_lisboa.py    671  0.01s             1           0  0.15s           2025-12-16T09:38:32
================================================================================
[2025-12-16T09:39:32.987+0000] {manager.py:878} INFO - 
================================================================================
DAG File Processing Stats

File Path                                  PID  Runtime      # DAGs    # Errors  Last Runtime    Last Run
---------------------------------------  -----  ---------  --------  ----------  --------------  -------------------
/opt/airflow/dags/dag_higiene_lisboa.py    676  0.01s             1           0  0.16s           2025-12-16T09:39:02
================================================================================
[2025-12-16T09:40:03.206+0000] {manager.py:878} INFO - 
================================================================================
DAG File Processing Stats

File Path                                  PID  Runtime      # DAGs    # Errors  Last Runtime    Last Run
---------------------------------------  -----  ---------  --------  ----------  --------------  -------------------
/opt/airflow/dags/dag_higiene_lisboa.py    681  0.01s             1           0  0.15s           2025-12-16T09:39:33
================================================================================
[2025-12-16T09:40:31.390+0000] {manager.py:737} INFO - Searching for files in /opt/airflow/dags
[2025-12-16T09:40:31.419+0000] {manager.py:740} INFO - There are 1 files in /opt/airflow/dags
[2025-12-16T09:40:33.447+0000] {manager.py:878} INFO - 
================================================================================
DAG File Processing Stats

File Path                                  PID  Runtime      # DAGs    # Errors  Last Runtime    Last Run
---------------------------------------  -----  ---------  --------  ----------  --------------  -------------------
/opt/airflow/dags/dag_higiene_lisboa.py    686  0.01s             1           0  0.15s           2025-12-16T09:40:03
================================================================================
[2025-12-16T09:41:03.622+0000] {manager.py:878} INFO - 
================================================================================
DAG File Processing Stats

File Path                                  PID  Runtime      # DAGs    # Errors  Last Runtime    Last Run
---------------------------------------  -----  ---------  --------  ----------  --------------  -------------------
/opt/airflow/dags/dag_higiene_lisboa.py    813  0.01s             1           0  0.16s           2025-12-16T09:40:33
================================================================================
[2025-12-16T09:41:33.877+0000] {manager.py:878} INFO - 
================================================================================
DAG File Processing Stats

File Path                                  PID  Runtime      # DAGs    # Errors  Last Runtime    Last Run
---------------------------------------  -----  ---------  --------  ----------  --------------  -------------------
/opt/airflow/dags/dag_higiene_lisboa.py    928  0.01s             1           0  0.14s           2025-12-16T09:41:03
================================================================================
[2025-12-16T09:42:04.047+0000] {manager.py:878} INFO - 
================================================================================
DAG File Processing Stats

File Path                                  PID  Runtime      # DAGs    # Errors  Last Runtime    Last Run
---------------------------------------  -----  ---------  --------  ----------  --------------  -------------------
/opt/airflow/dags/dag_higiene_lisboa.py    933  0.01s             1           0  0.15s           2025-12-16T09:41:34
================================================================================
[2025-12-16T09:42:34.318+0000] {manager.py:878} INFO - 
================================================================================
DAG File Processing Stats

File Path                                  PID  Runtime      # DAGs    # Errors  Last Runtime    Last Run
---------------------------------------  -----  ---------  --------  ----------  --------------  -------------------
/opt/airflow/dags/dag_higiene_lisboa.py    938  0.01s             1           0  0.16s           2025-12-16T09:42:04
================================================================================
[2025-12-16T09:43:04.481+0000] {manager.py:878} INFO - 
================================================================================
DAG File Processing Stats

File Path                                  PID  Runtime      # DAGs    # Errors  Last Runtime    Last Run
---------------------------------------  -----  ---------  --------  ----------  --------------  -------------------
/opt/airflow/dags/dag_higiene_lisboa.py    943  0.01s             1           0  0.16s           2025-12-16T09:42:34
================================================================================
[2025-12-16T09:43:34.753+0000] {manager.py:878} INFO - 
================================================================================
DAG File Processing Stats

File Path                                  PID  Runtime      # DAGs    # Errors  Last Runtime    Last Run
---------------------------------------  -----  ---------  --------  ----------  --------------  -------------------
/opt/airflow/dags/dag_higiene_lisboa.py    948  0.01s             1           0  0.16s           2025-12-16T09:43:04
================================================================================
[2025-12-16T09:44:04.905+0000] {manager.py:878} INFO - 
================================================================================
DAG File Processing Stats

File Path                                PID    Runtime      # DAGs    # Errors  Last Runtime    Last Run
---------------------------------------  -----  ---------  --------  ----------  --------------  -------------------
/opt/airflow/dags/dag_higiene_lisboa.py                           1           0  0.17s           2025-12-16T09:43:34
================================================================================
[2025-12-16T09:44:35.202+0000] {manager.py:878} INFO - 
================================================================================
DAG File Processing Stats

File Path                                  PID  Runtime      # DAGs    # Errors  Last Runtime    Last Run
---------------------------------------  -----  ---------  --------  ----------  --------------  -------------------
/opt/airflow/dags/dag_higiene_lisboa.py    958  0.01s             1           0  0.14s           2025-12-16T09:44:05
================================================================================
[2025-12-16T09:45:05.458+0000] {manager.py:878} INFO - 
================================================================================
DAG File Processing Stats

File Path                                  PID  Runtime      # DAGs    # Errors  Last Runtime    Last Run
---------------------------------------  -----  ---------  --------  ----------  --------------  -------------------
/opt/airflow/dags/dag_higiene_lisboa.py    963  0.01s             1           0  0.16s           2025-12-16T09:44:35
================================================================================
[2025-12-16T09:45:31.595+0000] {manager.py:737} INFO - Searching for files in /opt/airflow/dags
[2025-12-16T09:45:31.596+0000] {manager.py:740} INFO - There are 1 files in /opt/airflow/dags
[2025-12-16T09:45:35.630+0000] {manager.py:878} INFO - 
================================================================================
DAG File Processing Stats

File Path                                  PID  Runtime      # DAGs    # Errors  Last Runtime    Last Run
---------------------------------------  -----  ---------  --------  ----------  --------------  -------------------
/opt/airflow/dags/dag_higiene_lisboa.py    968  0.01s             1           0  0.16s           2025-12-16T09:45:05
================================================================================
[2025-12-16T09:46:05.883+0000] {manager.py:878} INFO - 
================================================================================
DAG File Processing Stats

File Path                                  PID  Runtime      # DAGs    # Errors  Last Runtime    Last Run
---------------------------------------  -----  ---------  --------  ----------  --------------  -------------------
/opt/airflow/dags/dag_higiene_lisboa.py    973  0.01s             1           0  0.14s           2025-12-16T09:45:35
================================================================================
[2025-12-16T09:46:36.061+0000] {manager.py:878} INFO - 
================================================================================
DAG File Processing Stats

File Path                                  PID  Runtime      # DAGs    # Errors  Last Runtime    Last Run
---------------------------------------  -----  ---------  --------  ----------  --------------  -------------------
/opt/airflow/dags/dag_higiene_lisboa.py    978  0.01s             1           0  0.15s           2025-12-16T09:46:06
================================================================================
[2025-12-16T09:47:06.298+0000] {manager.py:878} INFO - 
================================================================================
DAG File Processing Stats

File Path                                  PID  Runtime      # DAGs    # Errors  Last Runtime    Last Run
---------------------------------------  -----  ---------  --------  ----------  --------------  -------------------
/opt/airflow/dags/dag_higiene_lisboa.py    983  0.01s             1           0  0.16s           2025-12-16T09:46:36
================================================================================
[2025-12-16T09:47:36.489+0000] {manager.py:878} INFO - 
================================================================================
DAG File Processing Stats

File Path                                  PID  Runtime      # DAGs    # Errors  Last Runtime    Last Run
---------------------------------------  -----  ---------  --------  ----------  --------------  -------------------
/opt/airflow/dags/dag_higiene_lisboa.py    988  0.01s             1           0  0.15s           2025-12-16T09:47:06
================================================================================
[2025-12-16T09:48:06.731+0000] {manager.py:878} INFO - 
================================================================================
DAG File Processing Stats

File Path                                  PID  Runtime      # DAGs    # Errors  Last Runtime    Last Run
---------------------------------------  -----  ---------  --------  ----------  --------------  -------------------
/opt/airflow/dags/dag_higiene_lisboa.py    993  0.01s             1           0  0.16s           2025-12-16T09:47:36
================================================================================
[2025-12-16T09:48:36.923+0000] {manager.py:878} INFO - 
================================================================================
DAG File Processing Stats

File Path                                PID    Runtime      # DAGs    # Errors  Last Runtime    Last Run
---------------------------------------  -----  ---------  --------  ----------  --------------  -------------------
/opt/airflow/dags/dag_higiene_lisboa.py                           1           0  0.26s           2025-12-16T09:48:06
================================================================================
[2025-12-16T09:49:07.275+0000] {manager.py:878} INFO - 
================================================================================
DAG File Processing Stats

File Path                                PID    Runtime      # DAGs    # Errors  Last Runtime    Last Run
---------------------------------------  -----  ---------  --------  ----------  --------------  -------------------
/opt/airflow/dags/dag_higiene_lisboa.py                           1           0  0.16s           2025-12-16T09:48:37
================================================================================
[2025-12-16T09:49:37.560+0000] {manager.py:878} INFO - 
================================================================================
DAG File Processing Stats

File Path                                PID    Runtime      # DAGs    # Errors  Last Runtime    Last Run
---------------------------------------  -----  ---------  --------  ----------  --------------  -------------------
/opt/airflow/dags/dag_higiene_lisboa.py                           1           0  0.18s           2025-12-16T09:49:07
================================================================================
[2025-12-16T09:50:07.860+0000] {manager.py:878} INFO - 
================================================================================
DAG File Processing Stats

File Path                                PID    Runtime      # DAGs    # Errors  Last Runtime    Last Run
---------------------------------------  -----  ---------  --------  ----------  --------------  -------------------
/opt/airflow/dags/dag_higiene_lisboa.py                           1           0  0.16s           2025-12-16T09:49:37
================================================================================
[2025-12-16T09:50:32.116+0000] {manager.py:737} INFO - Searching for files in /opt/airflow/dags
[2025-12-16T09:50:32.118+0000] {manager.py:740} INFO - There are 1 files in /opt/airflow/dags
[2025-12-16T09:50:38.168+0000] {manager.py:878} INFO - 
================================================================================
DAG File Processing Stats

File Path                                  PID  Runtime      # DAGs    # Errors  Last Runtime    Last Run
---------------------------------------  -----  ---------  --------  ----------  --------------  -------------------
/opt/airflow/dags/dag_higiene_lisboa.py   1018  0.01s             1           0  0.15s           2025-12-16T09:50:08
================================================================================
[2025-12-16T09:51:08.441+0000] {manager.py:878} INFO - 
================================================================================
DAG File Processing Stats

File Path                                  PID  Runtime      # DAGs    # Errors  Last Runtime    Last Run
---------------------------------------  -----  ---------  --------  ----------  --------------  -------------------
/opt/airflow/dags/dag_higiene_lisboa.py   1023  0.01s             1           0  0.15s           2025-12-16T09:50:38
================================================================================
[2025-12-16T09:51:38.613+0000] {manager.py:878} INFO - 
================================================================================
DAG File Processing Stats

File Path                                  PID  Runtime      # DAGs    # Errors  Last Runtime    Last Run
---------------------------------------  -----  ---------  --------  ----------  --------------  -------------------
/opt/airflow/dags/dag_higiene_lisboa.py   1028  0.01s             1           0  0.15s           2025-12-16T09:51:08
================================================================================
[2025-12-16T09:52:08.871+0000] {manager.py:878} INFO - 
================================================================================
DAG File Processing Stats

File Path                                  PID  Runtime      # DAGs    # Errors  Last Runtime    Last Run
---------------------------------------  -----  ---------  --------  ----------  --------------  -------------------
/opt/airflow/dags/dag_higiene_lisboa.py   1033  0.01s             1           0  0.16s           2025-12-16T09:51:38
================================================================================
[2025-12-16T09:52:39.044+0000] {manager.py:878} INFO - 
================================================================================
DAG File Processing Stats

File Path                                  PID  Runtime      # DAGs    # Errors  Last Runtime    Last Run
---------------------------------------  -----  ---------  --------  ----------  --------------  -------------------
/opt/airflow/dags/dag_higiene_lisboa.py   1038  0.01s             1           0  0.16s           2025-12-16T09:52:09
================================================================================
[2025-12-16T09:53:09.312+0000] {manager.py:878} INFO - 
================================================================================
DAG File Processing Stats

File Path                                  PID  Runtime      # DAGs    # Errors  Last Runtime    Last Run
---------------------------------------  -----  ---------  --------  ----------  --------------  -------------------
/opt/airflow/dags/dag_higiene_lisboa.py   1043  0.01s             1           0  0.15s           2025-12-16T09:52:39
================================================================================
[2025-12-16T09:53:39.479+0000] {manager.py:878} INFO - 
================================================================================
DAG File Processing Stats

File Path                                  PID  Runtime      # DAGs    # Errors  Last Runtime    Last Run
---------------------------------------  -----  ---------  --------  ----------  --------------  -------------------
/opt/airflow/dags/dag_higiene_lisboa.py   1048  0.01s             1           0  0.16s           2025-12-16T09:53:09
================================================================================
[2025-12-16T09:54:09.744+0000] {manager.py:878} INFO - 
================================================================================
DAG File Processing Stats

File Path                                  PID  Runtime      # DAGs    # Errors  Last Runtime    Last Run
---------------------------------------  -----  ---------  --------  ----------  --------------  -------------------
/opt/airflow/dags/dag_higiene_lisboa.py   1053  0.01s             1           0  0.16s           2025-12-16T09:53:39
================================================================================
[2025-12-16T09:54:39.909+0000] {manager.py:878} INFO - 
================================================================================
DAG File Processing Stats

File Path                                  PID  Runtime      # DAGs    # Errors  Last Runtime    Last Run
---------------------------------------  -----  ---------  --------  ----------  --------------  -------------------
/opt/airflow/dags/dag_higiene_lisboa.py   1058  0.01s             1           0  0.14s           2025-12-16T09:54:09
================================================================================
[2025-12-16T09:55:10.148+0000] {manager.py:878} INFO - 
================================================================================
DAG File Processing Stats

File Path                                  PID  Runtime      # DAGs    # Errors  Last Runtime    Last Run
---------------------------------------  -----  ---------  --------  ----------  --------------  -------------------
/opt/airflow/dags/dag_higiene_lisboa.py   1063  0.01s             1           0  0.16s           2025-12-16T09:54:40
================================================================================
[2025-12-16T09:55:32.299+0000] {manager.py:737} INFO - Searching for files in /opt/airflow/dags
[2025-12-16T09:55:32.300+0000] {manager.py:740} INFO - There are 1 files in /opt/airflow/dags
[2025-12-16T09:55:40.362+0000] {manager.py:878} INFO - 
================================================================================
DAG File Processing Stats

File Path                                  PID  Runtime      # DAGs    # Errors  Last Runtime    Last Run
---------------------------------------  -----  ---------  --------  ----------  --------------  -------------------
/opt/airflow/dags/dag_higiene_lisboa.py   1068  0.01s             1           0  0.16s           2025-12-16T09:55:10
================================================================================
[2025-12-16T09:56:10.589+0000] {manager.py:878} INFO - 
================================================================================
DAG File Processing Stats

File Path                                  PID  Runtime      # DAGs    # Errors  Last Runtime    Last Run
---------------------------------------  -----  ---------  --------  ----------  --------------  -------------------
/opt/airflow/dags/dag_higiene_lisboa.py   1073  0.01s             1           0  0.17s           2025-12-16T09:55:40
================================================================================
[2025-12-16T09:56:40.810+0000] {manager.py:878} INFO - 
================================================================================
DAG File Processing Stats

File Path                                  PID  Runtime      # DAGs    # Errors  Last Runtime    Last Run
---------------------------------------  -----  ---------  --------  ----------  --------------  -------------------
/opt/airflow/dags/dag_higiene_lisboa.py   1078  0.01s             1           0  0.16s           2025-12-16T09:56:10
================================================================================
[2025-12-16T09:57:11.027+0000] {manager.py:878} INFO - 
================================================================================
DAG File Processing Stats

File Path                                  PID  Runtime      # DAGs    # Errors  Last Runtime    Last Run
---------------------------------------  -----  ---------  --------  ----------  --------------  -------------------
/opt/airflow/dags/dag_higiene_lisboa.py   1083  0.01s             1           0  0.16s           2025-12-16T09:56:40
================================================================================
[2025-12-16T09:57:41.259+0000] {manager.py:878} INFO - 
================================================================================
DAG File Processing Stats

File Path                                  PID  Runtime      # DAGs    # Errors  Last Runtime    Last Run
---------------------------------------  -----  ---------  --------  ----------  --------------  -------------------
/opt/airflow/dags/dag_higiene_lisboa.py   1088  0.01s             1           0  0.18s           2025-12-16T09:57:11
================================================================================
[2025-12-16T09:58:11.482+0000] {manager.py:878} INFO - 
================================================================================
DAG File Processing Stats

File Path                                  PID  Runtime      # DAGs    # Errors  Last Runtime    Last Run
---------------------------------------  -----  ---------  --------  ----------  --------------  -------------------
/opt/airflow/dags/dag_higiene_lisboa.py   1093  0.01s             1           0  0.16s           2025-12-16T09:57:41
================================================================================
[2025-12-16T09:58:41.673+0000] {manager.py:878} INFO - 
================================================================================
DAG File Processing Stats

File Path                                  PID  Runtime      # DAGs    # Errors  Last Runtime    Last Run
---------------------------------------  -----  ---------  --------  ----------  --------------  -------------------
/opt/airflow/dags/dag_higiene_lisboa.py   1098  0.00s             1           0  0.14s           2025-12-16T09:58:11
================================================================================
[2025-12-16T09:59:11.852+0000] {manager.py:878} INFO - 
================================================================================
DAG File Processing Stats

File Path                                  PID  Runtime      # DAGs    # Errors  Last Runtime    Last Run
---------------------------------------  -----  ---------  --------  ----------  --------------  -------------------
/opt/airflow/dags/dag_higiene_lisboa.py   1103  0.00s             1           0  0.11s           2025-12-16T09:58:41
================================================================================
[2025-12-16T09:59:42.022+0000] {manager.py:878} INFO - 
================================================================================
DAG File Processing Stats

File Path                                  PID  Runtime      # DAGs    # Errors  Last Runtime    Last Run
---------------------------------------  -----  ---------  --------  ----------  --------------  -------------------
/opt/airflow/dags/dag_higiene_lisboa.py   1108  0.01s             1           0  0.12s           2025-12-16T09:59:11
================================================================================
[2025-12-16T10:00:12.239+0000] {manager.py:878} INFO - 
================================================================================
DAG File Processing Stats

File Path                                  PID  Runtime      # DAGs    # Errors  Last Runtime    Last Run
---------------------------------------  -----  ---------  --------  ----------  --------------  -------------------
/opt/airflow/dags/dag_higiene_lisboa.py   1113  0.01s             1           0  0.19s           2025-12-16T09:59:42
================================================================================
[2025-12-16T10:00:32.427+0000] {manager.py:737} INFO - Searching for files in /opt/airflow/dags
[2025-12-16T10:00:32.428+0000] {manager.py:740} INFO - There are 1 files in /opt/airflow/dags
[2025-12-16T10:00:42.499+0000] {manager.py:878} INFO - 
================================================================================
DAG File Processing Stats

File Path                                  PID  Runtime      # DAGs    # Errors  Last Runtime    Last Run
---------------------------------------  -----  ---------  --------  ----------  --------------  -------------------
/opt/airflow/dags/dag_higiene_lisboa.py   1118  0.01s             1           0  0.19s           2025-12-16T10:00:12
================================================================================
[2025-12-16T10:01:12.708+0000] {manager.py:878} INFO - 
================================================================================
DAG File Processing Stats

File Path                                  PID  Runtime      # DAGs    # Errors  Last Runtime    Last Run
---------------------------------------  -----  ---------  --------  ----------  --------------  -------------------
/opt/airflow/dags/dag_higiene_lisboa.py   1123  0.01s             1           0  0.17s           2025-12-16T10:00:42
================================================================================
[2025-12-16T10:01:42.946+0000] {manager.py:878} INFO - 
================================================================================
DAG File Processing Stats

File Path                                  PID  Runtime      # DAGs    # Errors  Last Runtime    Last Run
---------------------------------------  -----  ---------  --------  ----------  --------------  -------------------
/opt/airflow/dags/dag_higiene_lisboa.py   1128  0.01s             1           0  0.16s           2025-12-16T10:01:12
================================================================================
[2025-12-16T10:02:13.146+0000] {manager.py:878} INFO - 
================================================================================
DAG File Processing Stats

File Path                                  PID  Runtime      # DAGs    # Errors  Last Runtime    Last Run
---------------------------------------  -----  ---------  --------  ----------  --------------  -------------------
/opt/airflow/dags/dag_higiene_lisboa.py   1133  0.01s             1           0  0.16s           2025-12-16T10:01:43
================================================================================
[2025-12-16T10:02:43.399+0000] {manager.py:878} INFO - 
================================================================================
DAG File Processing Stats

File Path                                  PID  Runtime      # DAGs    # Errors  Last Runtime    Last Run
---------------------------------------  -----  ---------  --------  ----------  --------------  -------------------
/opt/airflow/dags/dag_higiene_lisboa.py   1138  0.01s             1           0  0.17s           2025-12-16T10:02:13
================================================================================
[2025-12-16T10:03:13.583+0000] {manager.py:878} INFO - 
================================================================================
DAG File Processing Stats

File Path                                PID    Runtime      # DAGs    # Errors  Last Runtime    Last Run
---------------------------------------  -----  ---------  --------  ----------  --------------  -------------------
/opt/airflow/dags/dag_higiene_lisboa.py                           1           0  0.21s           2025-12-16T10:02:43
================================================================================
[2025-12-16T10:03:43.890+0000] {manager.py:878} INFO - 
================================================================================
DAG File Processing Stats

File Path                                PID    Runtime      # DAGs    # Errors  Last Runtime    Last Run
---------------------------------------  -----  ---------  --------  ----------  --------------  -------------------
/opt/airflow/dags/dag_higiene_lisboa.py                           1           0  0.17s           2025-12-16T10:03:13
================================================================================
[2025-12-16T10:04:14.188+0000] {manager.py:878} INFO - 
================================================================================
DAG File Processing Stats

File Path                                PID    Runtime      # DAGs    # Errors  Last Runtime    Last Run
---------------------------------------  -----  ---------  --------  ----------  --------------  -------------------
/opt/airflow/dags/dag_higiene_lisboa.py                           1           0  0.16s           2025-12-16T10:03:44
================================================================================
[2025-12-16T10:04:44.481+0000] {manager.py:878} INFO - 
================================================================================
DAG File Processing Stats

File Path                                PID    Runtime      # DAGs    # Errors  Last Runtime    Last Run
---------------------------------------  -----  ---------  --------  ----------  --------------  -------------------
/opt/airflow/dags/dag_higiene_lisboa.py                           1           0  0.18s           2025-12-16T10:04:14
================================================================================
[2025-12-16T10:05:14.793+0000] {manager.py:878} INFO - 
================================================================================
DAG File Processing Stats

File Path                                PID    Runtime      # DAGs    # Errors  Last Runtime    Last Run
---------------------------------------  -----  ---------  --------  ----------  --------------  -------------------
/opt/airflow/dags/dag_higiene_lisboa.py                           1           0  0.17s           2025-12-16T10:04:44
================================================================================
[2025-12-16T10:05:33.035+0000] {manager.py:737} INFO - Searching for files in /opt/airflow/dags
[2025-12-16T10:05:33.037+0000] {manager.py:740} INFO - There are 1 files in /opt/airflow/dags
[2025-12-16T10:05:45.119+0000] {manager.py:878} INFO - 
================================================================================
DAG File Processing Stats

File Path                                  PID  Runtime      # DAGs    # Errors  Last Runtime    Last Run
---------------------------------------  -----  ---------  --------  ----------  --------------  -------------------
/opt/airflow/dags/dag_higiene_lisboa.py   1168  0.01s             1           0  0.17s           2025-12-16T10:05:15
================================================================================
[2025-12-16T10:06:15.412+0000] {manager.py:878} INFO - 
================================================================================
DAG File Processing Stats

File Path                                  PID  Runtime      # DAGs    # Errors  Last Runtime    Last Run
---------------------------------------  -----  ---------  --------  ----------  --------------  -------------------
/opt/airflow/dags/dag_higiene_lisboa.py   1173  0.01s             1           0  0.16s           2025-12-16T10:05:45
================================================================================
[2025-12-16T10:06:45.580+0000] {manager.py:878} INFO - 
================================================================================
DAG File Processing Stats

File Path                                  PID  Runtime      # DAGs    # Errors  Last Runtime    Last Run
---------------------------------------  -----  ---------  --------  ----------  --------------  -------------------
/opt/airflow/dags/dag_higiene_lisboa.py   1178  0.01s             1           0  0.16s           2025-12-16T10:06:15
================================================================================
[2025-12-16T10:07:15.844+0000] {manager.py:878} INFO - 
================================================================================
DAG File Processing Stats

File Path                                  PID  Runtime      # DAGs    # Errors  Last Runtime    Last Run
---------------------------------------  -----  ---------  --------  ----------  --------------  -------------------
/opt/airflow/dags/dag_higiene_lisboa.py   1265  0.01s             1           0  0.17s           2025-12-16T10:06:45
================================================================================
[2025-12-16T10:07:46.002+0000] {manager.py:878} INFO - 
================================================================================
DAG File Processing Stats

File Path                                PID    Runtime      # DAGs    # Errors  Last Runtime    Last Run
---------------------------------------  -----  ---------  --------  ----------  --------------  -------------------
/opt/airflow/dags/dag_higiene_lisboa.py                           1           0  0.18s           2025-12-16T10:07:16
================================================================================
[2025-12-16T10:08:16.300+0000] {manager.py:878} INFO - 
================================================================================
DAG File Processing Stats

File Path                                PID    Runtime      # DAGs    # Errors  Last Runtime    Last Run
---------------------------------------  -----  ---------  --------  ----------  --------------  -------------------
/opt/airflow/dags/dag_higiene_lisboa.py                           1           0  0.17s           2025-12-16T10:07:46
================================================================================
[2025-12-16T10:08:46.598+0000] {manager.py:878} INFO - 
================================================================================
DAG File Processing Stats

File Path                                PID    Runtime      # DAGs    # Errors  Last Runtime    Last Run
---------------------------------------  -----  ---------  --------  ----------  --------------  -------------------
/opt/airflow/dags/dag_higiene_lisboa.py                           1           0  0.17s           2025-12-16T10:08:16
================================================================================
[2025-12-16T10:09:16.897+0000] {manager.py:878} INFO - 
================================================================================
DAG File Processing Stats

File Path                                PID    Runtime      # DAGs    # Errors  Last Runtime    Last Run
---------------------------------------  -----  ---------  --------  ----------  --------------  -------------------
/opt/airflow/dags/dag_higiene_lisboa.py                           1           0  0.18s           2025-12-16T10:08:46
================================================================================
[2025-12-16T10:09:47.196+0000] {manager.py:878} INFO - 
================================================================================
DAG File Processing Stats

File Path                                PID    Runtime      # DAGs    # Errors  Last Runtime    Last Run
---------------------------------------  -----  ---------  --------  ----------  --------------  -------------------
/opt/airflow/dags/dag_higiene_lisboa.py                           1           0  0.17s           2025-12-16T10:09:17
================================================================================
[2025-12-16T10:10:17.511+0000] {manager.py:878} INFO - 
================================================================================
DAG File Processing Stats

File Path                                  PID  Runtime      # DAGs    # Errors  Last Runtime    Last Run
---------------------------------------  -----  ---------  --------  ----------  --------------  -------------------
/opt/airflow/dags/dag_higiene_lisboa.py   1445  0.01s             1           0  0.15s           2025-12-16T10:09:47
================================================================================
[2025-12-16T10:10:33.697+0000] {manager.py:737} INFO - Searching for files in /opt/airflow/dags
[2025-12-16T10:10:33.699+0000] {manager.py:740} INFO - There are 1 files in /opt/airflow/dags
[2025-12-16T10:10:47.793+0000] {manager.py:878} INFO - 
================================================================================
DAG File Processing Stats

File Path                                  PID  Runtime      # DAGs    # Errors  Last Runtime    Last Run
---------------------------------------  -----  ---------  --------  ----------  --------------  -------------------
/opt/airflow/dags/dag_higiene_lisboa.py   1450  0.01s             1           0  0.17s           2025-12-16T10:10:17
================================================================================
[2025-12-16T10:11:17.956+0000] {manager.py:878} INFO - 
================================================================================
DAG File Processing Stats

File Path                                PID    Runtime      # DAGs    # Errors  Last Runtime    Last Run
---------------------------------------  -----  ---------  --------  ----------  --------------  -------------------
/opt/airflow/dags/dag_higiene_lisboa.py                           1           0  0.17s           2025-12-16T10:10:47
================================================================================
[2025-12-16T10:11:48.239+0000] {manager.py:878} INFO - 
================================================================================
DAG File Processing Stats

File Path                                PID    Runtime      # DAGs    # Errors  Last Runtime    Last Run
---------------------------------------  -----  ---------  --------  ----------  --------------  -------------------
/opt/airflow/dags/dag_higiene_lisboa.py                           1           0  0.15s           2025-12-16T10:11:18
================================================================================
[2025-12-16T10:12:18.534+0000] {manager.py:878} INFO - 
================================================================================
DAG File Processing Stats

File Path                                PID    Runtime      # DAGs    # Errors  Last Runtime    Last Run
---------------------------------------  -----  ---------  --------  ----------  --------------  -------------------
/opt/airflow/dags/dag_higiene_lisboa.py                           1           0  0.20s           2025-12-16T10:11:48
================================================================================
[2025-12-16T10:12:48.866+0000] {manager.py:878} INFO - 
================================================================================
DAG File Processing Stats

File Path                                PID    Runtime      # DAGs    # Errors  Last Runtime    Last Run
---------------------------------------  -----  ---------  --------  ----------  --------------  -------------------
/opt/airflow/dags/dag_higiene_lisboa.py                           1           0  0.17s           2025-12-16T10:12:18
================================================================================
[2025-12-16T10:13:19.163+0000] {manager.py:878} INFO - 
================================================================================
DAG File Processing Stats

File Path                                PID    Runtime      # DAGs    # Errors  Last Runtime    Last Run
---------------------------------------  -----  ---------  --------  ----------  --------------  -------------------
/opt/airflow/dags/dag_higiene_lisboa.py                           1           0  0.18s           2025-12-16T10:12:49
================================================================================
[2025-12-16T10:13:49.470+0000] {manager.py:878} INFO - 
================================================================================
DAG File Processing Stats

File Path                                PID    Runtime      # DAGs    # Errors  Last Runtime    Last Run
---------------------------------------  -----  ---------  --------  ----------  --------------  -------------------
/opt/airflow/dags/dag_higiene_lisboa.py                           1           0  0.17s           2025-12-16T10:13:19
================================================================================
[2025-12-16T10:14:19.769+0000] {manager.py:878} INFO - 
================================================================================
DAG File Processing Stats

File Path                                PID    Runtime      # DAGs    # Errors  Last Runtime    Last Run
---------------------------------------  -----  ---------  --------  ----------  --------------  -------------------
/opt/airflow/dags/dag_higiene_lisboa.py                           1           0  0.19s           2025-12-16T10:13:49
================================================================================
[2025-12-16T10:14:50.095+0000] {manager.py:878} INFO - 
================================================================================
DAG File Processing Stats

File Path                                PID    Runtime      # DAGs    # Errors  Last Runtime    Last Run
---------------------------------------  -----  ---------  --------  ----------  --------------  -------------------
/opt/airflow/dags/dag_higiene_lisboa.py                           1           0  0.17s           2025-12-16T10:14:20
================================================================================
[2025-12-16T10:15:20.393+0000] {manager.py:878} INFO - 
================================================================================
DAG File Processing Stats

File Path                                PID    Runtime      # DAGs    # Errors  Last Runtime    Last Run
---------------------------------------  -----  ---------  --------  ----------  --------------  -------------------
/opt/airflow/dags/dag_higiene_lisboa.py                           1           0  0.17s           2025-12-16T10:14:50
================================================================================
[2025-12-16T10:15:33.772+0000] {manager.py:737} INFO - Searching for files in /opt/airflow/dags
[2025-12-16T10:15:33.774+0000] {manager.py:740} INFO - There are 1 files in /opt/airflow/dags
[2025-12-16T10:15:50.703+0000] {manager.py:878} INFO - 
================================================================================
DAG File Processing Stats

File Path                                PID    Runtime      # DAGs    # Errors  Last Runtime    Last Run
---------------------------------------  -----  ---------  --------  ----------  --------------  -------------------
/opt/airflow/dags/dag_higiene_lisboa.py                           1           0  0.17s           2025-12-16T10:15:20
================================================================================
[2025-12-16T10:16:21.015+0000] {manager.py:878} INFO - 
================================================================================
DAG File Processing Stats

File Path                                PID    Runtime      # DAGs    # Errors  Last Runtime    Last Run
---------------------------------------  -----  ---------  --------  ----------  --------------  -------------------
/opt/airflow/dags/dag_higiene_lisboa.py                           1           0  0.17s           2025-12-16T10:15:51
================================================================================
[2025-12-16T10:16:51.311+0000] {manager.py:878} INFO - 
================================================================================
DAG File Processing Stats

File Path                                PID    Runtime      # DAGs    # Errors  Last Runtime    Last Run
---------------------------------------  -----  ---------  --------  ----------  --------------  -------------------
/opt/airflow/dags/dag_higiene_lisboa.py                           1           0  0.17s           2025-12-16T10:16:21
================================================================================
[2025-12-16T10:17:21.618+0000] {manager.py:878} INFO - 
================================================================================
DAG File Processing Stats

File Path                                PID    Runtime      # DAGs    # Errors  Last Runtime    Last Run
---------------------------------------  -----  ---------  --------  ----------  --------------  -------------------
/opt/airflow/dags/dag_higiene_lisboa.py                           1           0  0.17s           2025-12-16T10:16:51
================================================================================
[2025-12-16T10:17:51.925+0000] {manager.py:878} INFO - 
================================================================================
DAG File Processing Stats

File Path                                PID    Runtime      # DAGs    # Errors  Last Runtime    Last Run
---------------------------------------  -----  ---------  --------  ----------  --------------  -------------------
/opt/airflow/dags/dag_higiene_lisboa.py                           1           0  0.17s           2025-12-16T10:17:21
================================================================================
[2025-12-16T10:18:22.226+0000] {manager.py:878} INFO - 
================================================================================
DAG File Processing Stats

File Path                                PID    Runtime      # DAGs    # Errors  Last Runtime    Last Run
---------------------------------------  -----  ---------  --------  ----------  --------------  -------------------
/opt/airflow/dags/dag_higiene_lisboa.py                           1           0  0.17s           2025-12-16T10:17:52
================================================================================
[2025-12-16T10:18:52.544+0000] {manager.py:878} INFO - 
================================================================================
DAG File Processing Stats

File Path                                PID    Runtime      # DAGs    # Errors  Last Runtime    Last Run
---------------------------------------  -----  ---------  --------  ----------  --------------  -------------------
/opt/airflow/dags/dag_higiene_lisboa.py                           1           0  0.17s           2025-12-16T10:18:22
================================================================================
[2025-12-16T10:19:22.851+0000] {manager.py:878} INFO - 
================================================================================
DAG File Processing Stats

File Path                                PID    Runtime      # DAGs    # Errors  Last Runtime    Last Run
---------------------------------------  -----  ---------  --------  ----------  --------------  -------------------
/opt/airflow/dags/dag_higiene_lisboa.py                           1           0  0.17s           2025-12-16T10:18:52
================================================================================
[2025-12-16T10:19:53.147+0000] {manager.py:878} INFO - 
================================================================================
DAG File Processing Stats

File Path                                PID    Runtime      # DAGs    # Errors  Last Runtime    Last Run
---------------------------------------  -----  ---------  --------  ----------  --------------  -------------------
/opt/airflow/dags/dag_higiene_lisboa.py                           1           0  0.18s           2025-12-16T10:19:23
================================================================================
[2025-12-16T10:20:23.474+0000] {manager.py:878} INFO - 
================================================================================
DAG File Processing Stats

File Path                                  PID  Runtime      # DAGs    # Errors  Last Runtime    Last Run
---------------------------------------  -----  ---------  --------  ----------  --------------  -------------------
/opt/airflow/dags/dag_higiene_lisboa.py   1545  0.01s             1           0  0.16s           2025-12-16T10:19:53
================================================================================
[2025-12-16T10:20:34.660+0000] {manager.py:737} INFO - Searching for files in /opt/airflow/dags
[2025-12-16T10:20:34.662+0000] {manager.py:740} INFO - There are 1 files in /opt/airflow/dags
[2025-12-16T10:20:53.784+0000] {manager.py:878} INFO - 
================================================================================
DAG File Processing Stats

File Path                                  PID  Runtime      # DAGs    # Errors  Last Runtime    Last Run
---------------------------------------  -----  ---------  --------  ----------  --------------  -------------------
/opt/airflow/dags/dag_higiene_lisboa.py   1550  0.01s             1           0  0.17s           2025-12-16T10:20:23
================================================================================
[2025-12-16T10:21:23.955+0000] {manager.py:878} INFO - 
================================================================================
DAG File Processing Stats

File Path                                  PID  Runtime      # DAGs    # Errors  Last Runtime    Last Run
---------------------------------------  -----  ---------  --------  ----------  --------------  -------------------
/opt/airflow/dags/dag_higiene_lisboa.py   1555  0.01s             1           0  0.17s           2025-12-16T10:20:53
================================================================================
[2025-12-16T10:21:54.236+0000] {manager.py:878} INFO - 
================================================================================
DAG File Processing Stats

File Path                                  PID  Runtime      # DAGs    # Errors  Last Runtime    Last Run
---------------------------------------  -----  ---------  --------  ----------  --------------  -------------------
/opt/airflow/dags/dag_higiene_lisboa.py   1560  0.01s             1           0  0.17s           2025-12-16T10:21:24
================================================================================
[2025-12-16T10:22:24.398+0000] {manager.py:878} INFO - 
================================================================================
DAG File Processing Stats

File Path                                PID    Runtime      # DAGs    # Errors  Last Runtime    Last Run
---------------------------------------  -----  ---------  --------  ----------  --------------  -------------------
/opt/airflow/dags/dag_higiene_lisboa.py                           1           0  0.17s           2025-12-16T10:21:54
================================================================================
[2025-12-16T10:22:54.698+0000] {manager.py:878} INFO - 
================================================================================
DAG File Processing Stats

File Path                                PID    Runtime      # DAGs    # Errors  Last Runtime    Last Run
---------------------------------------  -----  ---------  --------  ----------  --------------  -------------------
/opt/airflow/dags/dag_higiene_lisboa.py                           1           0  0.17s           2025-12-16T10:22:24
================================================================================
[2025-12-16T10:23:25.009+0000] {manager.py:878} INFO - 
================================================================================
DAG File Processing Stats

File Path                                PID    Runtime      # DAGs    # Errors  Last Runtime    Last Run
---------------------------------------  -----  ---------  --------  ----------  --------------  -------------------
/opt/airflow/dags/dag_higiene_lisboa.py                           1           0  0.17s           2025-12-16T10:22:55
================================================================================
[2025-12-16T10:23:55.318+0000] {manager.py:878} INFO - 
================================================================================
DAG File Processing Stats

File Path                                PID    Runtime      # DAGs    # Errors  Last Runtime    Last Run
---------------------------------------  -----  ---------  --------  ----------  --------------  -------------------
/opt/airflow/dags/dag_higiene_lisboa.py                           1           0  0.17s           2025-12-16T10:23:25
================================================================================
[2025-12-16T10:24:25.635+0000] {manager.py:878} INFO - 
================================================================================
DAG File Processing Stats

File Path                                PID    Runtime      # DAGs    # Errors  Last Runtime    Last Run
---------------------------------------  -----  ---------  --------  ----------  --------------  -------------------
/opt/airflow/dags/dag_higiene_lisboa.py                           1           0  0.17s           2025-12-16T10:23:55
================================================================================
[2025-12-16T10:24:55.947+0000] {manager.py:878} INFO - 
================================================================================
DAG File Processing Stats

File Path                                PID    Runtime      # DAGs    # Errors  Last Runtime    Last Run
---------------------------------------  -----  ---------  --------  ----------  --------------  -------------------
/opt/airflow/dags/dag_higiene_lisboa.py                           1           0  0.17s           2025-12-16T10:24:25
================================================================================
[2025-12-16T10:25:26.251+0000] {manager.py:878} INFO - 
================================================================================
DAG File Processing Stats

File Path                                PID    Runtime      # DAGs    # Errors  Last Runtime    Last Run
---------------------------------------  -----  ---------  --------  ----------  --------------  -------------------
/opt/airflow/dags/dag_higiene_lisboa.py                           1           0  0.17s           2025-12-16T10:24:56
================================================================================
[2025-12-16T10:25:35.455+0000] {manager.py:737} INFO - Searching for files in /opt/airflow/dags
[2025-12-16T10:25:35.456+0000] {manager.py:740} INFO - There are 1 files in /opt/airflow/dags
[2025-12-16T10:25:56.587+0000] {manager.py:878} INFO - 
================================================================================
DAG File Processing Stats

File Path                                  PID  Runtime      # DAGs    # Errors  Last Runtime    Last Run
---------------------------------------  -----  ---------  --------  ----------  --------------  -------------------
/opt/airflow/dags/dag_higiene_lisboa.py   1600  0.01s             1           0  0.17s           2025-12-16T10:25:26
================================================================================
[2025-12-16T10:26:26.888+0000] {manager.py:878} INFO - 
================================================================================
DAG File Processing Stats

File Path                                  PID  Runtime      # DAGs    # Errors  Last Runtime    Last Run
---------------------------------------  -----  ---------  --------  ----------  --------------  -------------------
/opt/airflow/dags/dag_higiene_lisboa.py   1605  0.01s             1           0  0.17s           2025-12-16T10:25:56
================================================================================
[2025-12-16T10:26:57.062+0000] {manager.py:878} INFO - 
================================================================================
DAG File Processing Stats

File Path                                  PID  Runtime      # DAGs    # Errors  Last Runtime    Last Run
---------------------------------------  -----  ---------  --------  ----------  --------------  -------------------
/opt/airflow/dags/dag_higiene_lisboa.py   1610  0.01s             1           0  0.17s           2025-12-16T10:26:27
================================================================================
[2025-12-16T10:27:27.355+0000] {manager.py:878} INFO - 
================================================================================
DAG File Processing Stats

File Path                                  PID  Runtime      # DAGs    # Errors  Last Runtime    Last Run
---------------------------------------  -----  ---------  --------  ----------  --------------  -------------------
/opt/airflow/dags/dag_higiene_lisboa.py   1615  0.01s             1           0  0.17s           2025-12-16T10:26:57
================================================================================
[2025-12-16T10:27:57.513+0000] {manager.py:878} INFO - 
================================================================================
DAG File Processing Stats

File Path                                PID    Runtime      # DAGs    # Errors  Last Runtime    Last Run
---------------------------------------  -----  ---------  --------  ----------  --------------  -------------------
/opt/airflow/dags/dag_higiene_lisboa.py                           1           0  0.17s           2025-12-16T10:27:27
================================================================================
[2025-12-16T10:28:27.805+0000] {manager.py:878} INFO - 
================================================================================
DAG File Processing Stats

File Path                                PID    Runtime      # DAGs    # Errors  Last Runtime    Last Run
---------------------------------------  -----  ---------  --------  ----------  --------------  -------------------
/opt/airflow/dags/dag_higiene_lisboa.py                           1           0  0.17s           2025-12-16T10:27:57
================================================================================
[2025-12-16T10:28:58.119+0000] {manager.py:878} INFO - 
================================================================================
DAG File Processing Stats

File Path                                PID    Runtime      # DAGs    # Errors  Last Runtime    Last Run
---------------------------------------  -----  ---------  --------  ----------  --------------  -------------------
/opt/airflow/dags/dag_higiene_lisboa.py                           1           0  0.17s           2025-12-16T10:28:28
================================================================================
[2025-12-16T10:29:28.426+0000] {manager.py:878} INFO - 
================================================================================
DAG File Processing Stats

File Path                                PID    Runtime      # DAGs    # Errors  Last Runtime    Last Run
---------------------------------------  -----  ---------  --------  ----------  --------------  -------------------
/opt/airflow/dags/dag_higiene_lisboa.py                           1           0  0.17s           2025-12-16T10:28:58
================================================================================
[2025-12-16T10:29:58.733+0000] {manager.py:878} INFO - 
================================================================================
DAG File Processing Stats

File Path                                PID    Runtime      # DAGs    # Errors  Last Runtime    Last Run
---------------------------------------  -----  ---------  --------  ----------  --------------  -------------------
/opt/airflow/dags/dag_higiene_lisboa.py                           1           0  0.18s           2025-12-16T10:29:28
================================================================================
[2025-12-16T10:30:29.032+0000] {manager.py:878} INFO - 
================================================================================
DAG File Processing Stats

File Path                                PID    Runtime      # DAGs    # Errors  Last Runtime    Last Run
---------------------------------------  -----  ---------  --------  ----------  --------------  -------------------
/opt/airflow/dags/dag_higiene_lisboa.py                           1           0  0.17s           2025-12-16T10:29:59
================================================================================
[2025-12-16T10:30:36.217+0000] {manager.py:737} INFO - Searching for files in /opt/airflow/dags
[2025-12-16T10:30:36.219+0000] {manager.py:740} INFO - There are 1 files in /opt/airflow/dags
[2025-12-16T10:30:59.358+0000] {manager.py:878} INFO - 
================================================================================
DAG File Processing Stats

File Path                                  PID  Runtime      # DAGs    # Errors  Last Runtime    Last Run
---------------------------------------  -----  ---------  --------  ----------  --------------  -------------------
/opt/airflow/dags/dag_higiene_lisboa.py   1650  0.01s             1           0  0.17s           2025-12-16T10:30:29
================================================================================
[2025-12-16T10:31:29.646+0000] {manager.py:878} INFO - 
================================================================================
DAG File Processing Stats

File Path                                  PID  Runtime      # DAGs    # Errors  Last Runtime    Last Run
---------------------------------------  -----  ---------  --------  ----------  --------------  -------------------
/opt/airflow/dags/dag_higiene_lisboa.py   1655  0.01s             1           0  0.17s           2025-12-16T10:30:59
================================================================================
[2025-12-16T10:31:59.820+0000] {manager.py:878} INFO - 
================================================================================
DAG File Processing Stats

File Path                                  PID  Runtime      # DAGs    # Errors  Last Runtime    Last Run
---------------------------------------  -----  ---------  --------  ----------  --------------  -------------------
/opt/airflow/dags/dag_higiene_lisboa.py   1660  0.01s             1           0  0.17s           2025-12-16T10:31:29
================================================================================
[2025-12-16T10:32:30.115+0000] {manager.py:878} INFO - 
================================================================================
DAG File Processing Stats

File Path                                  PID  Runtime      # DAGs    # Errors  Last Runtime    Last Run
---------------------------------------  -----  ---------  --------  ----------  --------------  -------------------
/opt/airflow/dags/dag_higiene_lisboa.py   1665  0.01s             1           0  0.17s           2025-12-16T10:31:59
================================================================================
[2025-12-16T10:33:00.290+0000] {manager.py:878} INFO - 
================================================================================
DAG File Processing Stats

File Path                                  PID  Runtime      # DAGs    # Errors  Last Runtime    Last Run
---------------------------------------  -----  ---------  --------  ----------  --------------  -------------------
/opt/airflow/dags/dag_higiene_lisboa.py   1670  0.01s             1           0  0.16s           2025-12-16T10:32:30
================================================================================
[2025-12-16T10:33:30.578+0000] {manager.py:878} INFO - 
================================================================================
DAG File Processing Stats

File Path                                  PID  Runtime      # DAGs    # Errors  Last Runtime    Last Run
---------------------------------------  -----  ---------  --------  ----------  --------------  -------------------
/opt/airflow/dags/dag_higiene_lisboa.py   1675  0.01s             1           0  0.17s           2025-12-16T10:33:00
================================================================================
[2025-12-16T10:34:00.751+0000] {manager.py:878} INFO - 
================================================================================
DAG File Processing Stats

File Path                                  PID  Runtime      # DAGs    # Errors  Last Runtime    Last Run
---------------------------------------  -----  ---------  --------  ----------  --------------  -------------------
/opt/airflow/dags/dag_higiene_lisboa.py   1680  0.01s             1           0  0.17s           2025-12-16T10:33:30
================================================================================
[2025-12-16T10:34:31.049+0000] {manager.py:878} INFO - 
================================================================================
DAG File Processing Stats

File Path                                  PID  Runtime      # DAGs    # Errors  Last Runtime    Last Run
---------------------------------------  -----  ---------  --------  ----------  --------------  -------------------
/opt/airflow/dags/dag_higiene_lisboa.py   1685  0.01s             1           0  0.17s           2025-12-16T10:34:00
================================================================================
[2025-12-16T10:35:01.208+0000] {manager.py:878} INFO - 
================================================================================
DAG File Processing Stats

File Path                                PID    Runtime      # DAGs    # Errors  Last Runtime    Last Run
---------------------------------------  -----  ---------  --------  ----------  --------------  -------------------
/opt/airflow/dags/dag_higiene_lisboa.py                           1           0  0.17s           2025-12-16T10:34:31
================================================================================
[2025-12-16T10:35:31.508+0000] {manager.py:878} INFO - 
================================================================================
DAG File Processing Stats

File Path                                PID    Runtime      # DAGs    # Errors  Last Runtime    Last Run
---------------------------------------  -----  ---------  --------  ----------  --------------  -------------------
/opt/airflow/dags/dag_higiene_lisboa.py                           1           0  0.17s           2025-12-16T10:35:01
================================================================================
[2025-12-16T10:35:36.680+0000] {manager.py:737} INFO - Searching for files in /opt/airflow/dags
[2025-12-16T10:35:36.681+0000] {manager.py:740} INFO - There are 1 files in /opt/airflow/dags
[2025-12-16T10:36:01.837+0000] {manager.py:878} INFO - 
================================================================================
DAG File Processing Stats

File Path                                  PID  Runtime      # DAGs    # Errors  Last Runtime    Last Run
---------------------------------------  -----  ---------  --------  ----------  --------------  -------------------
/opt/airflow/dags/dag_higiene_lisboa.py   1700  0.01s             1           0  0.17s           2025-12-16T10:35:31
================================================================================
[2025-12-16T10:36:32.127+0000] {manager.py:878} INFO - 
================================================================================
DAG File Processing Stats

File Path                                  PID  Runtime      # DAGs    # Errors  Last Runtime    Last Run
---------------------------------------  -----  ---------  --------  ----------  --------------  -------------------
/opt/airflow/dags/dag_higiene_lisboa.py   1705  0.01s             1           0  0.17s           2025-12-16T10:36:01
================================================================================
[2025-12-16T10:36:59.718+0000] {manager.py:452} INFO - Exiting gracefully upon receiving signal 15
[2026-01-01T14:20:50.806+0000] {manager.py:470} INFO - Processing files using up to 2 processes at a time 
[2026-01-01T14:20:50.833+0000] {manager.py:471} INFO - Process each file at most once every 30 seconds
[2026-01-01T14:20:50.834+0000] {manager.py:472} INFO - Checking for new files in /opt/airflow/dags every 300 seconds
[2026-01-01T14:20:50.834+0000] {manager.py:737} INFO - Searching for files in /opt/airflow/dags
[2026-01-01T14:20:50.890+0000] {manager.py:740} INFO - There are 1 files in /opt/airflow/dags
[2026-01-01T14:20:51.040+0000] {manager.py:878} INFO - 
================================================================================
DAG File Processing Stats

File Path                                  PID  Runtime      # DAGs    # Errors  Last Runtime    Last Run
---------------------------------------  -----  ---------  --------  ----------  --------------  ----------
/opt/airflow/dags/dag_higiene_lisboa.py    172  0.09s             0           0
================================================================================
[2026-01-01T14:21:21.185+0000] {manager.py:878} INFO - 
================================================================================
DAG File Processing Stats

File Path                                PID    Runtime      # DAGs    # Errors  Last Runtime    Last Run
---------------------------------------  -----  ---------  --------  ----------  --------------  -------------------
/opt/airflow/dags/dag_higiene_lisboa.py                           1           0  0.30s           2026-01-01T14:20:51
================================================================================
[2026-01-01T14:21:51.522+0000] {manager.py:878} INFO - 
================================================================================
DAG File Processing Stats

File Path                                PID    Runtime      # DAGs    # Errors  Last Runtime    Last Run
---------------------------------------  -----  ---------  --------  ----------  --------------  -------------------
/opt/airflow/dags/dag_higiene_lisboa.py                           1           0  0.36s           2026-01-01T14:21:21
================================================================================
[2026-01-01T14:22:21.643+0000] {manager.py:878} INFO - 
================================================================================
DAG File Processing Stats

File Path                                PID    Runtime      # DAGs    # Errors  Last Runtime    Last Run
---------------------------------------  -----  ---------  --------  ----------  --------------  -------------------
/opt/airflow/dags/dag_higiene_lisboa.py                           1           0  0.63s           2026-01-01T14:21:52
================================================================================
[2026-01-01T14:22:51.805+0000] {manager.py:878} INFO - 
================================================================================
DAG File Processing Stats

File Path                                PID    Runtime      # DAGs    # Errors  Last Runtime    Last Run
---------------------------------------  -----  ---------  --------  ----------  --------------  -------------------
/opt/airflow/dags/dag_higiene_lisboa.py                           1           0  0.17s           2026-01-01T14:22:22
================================================================================
[2026-01-01T14:23:22.085+0000] {manager.py:878} INFO - 
================================================================================
DAG File Processing Stats

File Path                                PID    Runtime      # DAGs    # Errors  Last Runtime    Last Run
---------------------------------------  -----  ---------  --------  ----------  --------------  -------------------
/opt/airflow/dags/dag_higiene_lisboa.py                           1           0  0.21s           2026-01-01T14:22:53
================================================================================
[2026-01-01T14:23:52.277+0000] {manager.py:878} INFO - 
================================================================================
DAG File Processing Stats

File Path                                PID    Runtime      # DAGs    # Errors  Last Runtime    Last Run
---------------------------------------  -----  ---------  --------  ----------  --------------  -------------------
/opt/airflow/dags/dag_higiene_lisboa.py                           1           0  0.14s           2026-01-01T14:23:23
================================================================================
[2026-01-01T14:24:22.484+0000] {manager.py:878} INFO - 
================================================================================
DAG File Processing Stats

File Path                                PID    Runtime      # DAGs    # Errors  Last Runtime    Last Run
---------------------------------------  -----  ---------  --------  ----------  --------------  -------------------
/opt/airflow/dags/dag_higiene_lisboa.py                           1           0  0.16s           2026-01-01T14:23:53
================================================================================
[2026-01-01T14:24:52.712+0000] {manager.py:878} INFO - 
================================================================================
DAG File Processing Stats

File Path                                PID    Runtime      # DAGs    # Errors  Last Runtime    Last Run
---------------------------------------  -----  ---------  --------  ----------  --------------  -------------------
/opt/airflow/dags/dag_higiene_lisboa.py                           1           0  0.16s           2026-01-01T14:24:23
================================================================================
[2026-01-01T14:25:22.917+0000] {manager.py:878} INFO - 
================================================================================
DAG File Processing Stats

File Path                                PID    Runtime      # DAGs    # Errors  Last Runtime    Last Run
---------------------------------------  -----  ---------  --------  ----------  --------------  -------------------
/opt/airflow/dags/dag_higiene_lisboa.py                           1           0  0.15s           2026-01-01T14:24:53
================================================================================
[2026-01-01T14:25:51.143+0000] {manager.py:737} INFO - Searching for files in /opt/airflow/dags
[2026-01-01T14:25:51.162+0000] {manager.py:740} INFO - There are 1 files in /opt/airflow/dags
[2026-01-01T14:25:53.185+0000] {manager.py:878} INFO - 
================================================================================
DAG File Processing Stats

File Path                                PID    Runtime      # DAGs    # Errors  Last Runtime    Last Run
---------------------------------------  -----  ---------  --------  ----------  --------------  -------------------
/opt/airflow/dags/dag_higiene_lisboa.py                           1           0  0.15s           2026-01-01T14:25:24
================================================================================
[2026-01-01T14:26:23.355+0000] {manager.py:878} INFO - 
================================================================================
DAG File Processing Stats

File Path                                PID    Runtime      # DAGs    # Errors  Last Runtime    Last Run
---------------------------------------  -----  ---------  --------  ----------  --------------  -------------------
/opt/airflow/dags/dag_higiene_lisboa.py                           1           0  0.15s           2026-01-01T14:25:54
================================================================================
[2026-01-01T14:26:53.613+0000] {manager.py:878} INFO - 
================================================================================
DAG File Processing Stats

File Path                                PID    Runtime      # DAGs    # Errors  Last Runtime    Last Run
---------------------------------------  -----  ---------  --------  ----------  --------------  -------------------
/opt/airflow/dags/dag_higiene_lisboa.py                           1           0  0.16s           2026-01-01T14:26:24
================================================================================
[2026-01-01T14:27:23.768+0000] {manager.py:878} INFO - 
================================================================================
DAG File Processing Stats

File Path                                PID    Runtime      # DAGs    # Errors  Last Runtime    Last Run
---------------------------------------  -----  ---------  --------  ----------  --------------  -------------------
/opt/airflow/dags/dag_higiene_lisboa.py                           1           0  0.14s           2026-01-01T14:26:54
================================================================================
[2026-01-01T14:27:53.999+0000] {manager.py:878} INFO - 
================================================================================
DAG File Processing Stats

File Path                                PID    Runtime      # DAGs    # Errors  Last Runtime    Last Run
---------------------------------------  -----  ---------  --------  ----------  --------------  -------------------
/opt/airflow/dags/dag_higiene_lisboa.py                           1           0  0.13s           2026-01-01T14:27:24
================================================================================
[2026-01-01T14:28:24.140+0000] {manager.py:878} INFO - 
================================================================================
DAG File Processing Stats

File Path                                PID    Runtime      # DAGs    # Errors  Last Runtime    Last Run
---------------------------------------  -----  ---------  --------  ----------  --------------  -------------------
/opt/airflow/dags/dag_higiene_lisboa.py                           1           0  0.13s           2026-01-01T14:27:55
================================================================================
[2026-01-01T14:28:54.383+0000] {manager.py:878} INFO - 
================================================================================
DAG File Processing Stats

File Path                                PID    Runtime      # DAGs    # Errors  Last Runtime    Last Run
---------------------------------------  -----  ---------  --------  ----------  --------------  -------------------
/opt/airflow/dags/dag_higiene_lisboa.py                           1           0  0.13s           2026-01-01T14:28:25
================================================================================
[2026-01-01T14:29:24.523+0000] {manager.py:878} INFO - 
================================================================================
DAG File Processing Stats

File Path                                PID    Runtime      # DAGs    # Errors  Last Runtime    Last Run
---------------------------------------  -----  ---------  --------  ----------  --------------  -------------------
/opt/airflow/dags/dag_higiene_lisboa.py                           1           0  0.16s           2026-01-01T14:28:55
================================================================================
[2026-01-01T14:29:54.795+0000] {manager.py:878} INFO - 
================================================================================
DAG File Processing Stats

File Path                                PID    Runtime      # DAGs    # Errors  Last Runtime    Last Run
---------------------------------------  -----  ---------  --------  ----------  --------------  -------------------
/opt/airflow/dags/dag_higiene_lisboa.py                           1           0  0.14s           2026-01-01T14:29:25
================================================================================
[2026-01-01T14:30:25.060+0000] {manager.py:878} INFO - 
================================================================================
DAG File Processing Stats

File Path                                PID    Runtime      # DAGs    # Errors  Last Runtime    Last Run
---------------------------------------  -----  ---------  --------  ----------  --------------  -------------------
/opt/airflow/dags/dag_higiene_lisboa.py                           1           0  0.14s           2026-01-01T14:29:56
================================================================================
[2026-01-01T14:30:51.285+0000] {manager.py:737} INFO - Searching for files in /opt/airflow/dags
[2026-01-01T14:30:51.286+0000] {manager.py:740} INFO - There are 1 files in /opt/airflow/dags
[2026-01-01T14:30:55.314+0000] {manager.py:878} INFO - 
================================================================================
DAG File Processing Stats

File Path                                PID    Runtime      # DAGs    # Errors  Last Runtime    Last Run
---------------------------------------  -----  ---------  --------  ----------  --------------  -------------------
/opt/airflow/dags/dag_higiene_lisboa.py                           1           0  0.13s           2026-01-01T14:30:26
================================================================================
[2026-01-01T14:31:25.455+0000] {manager.py:878} INFO - 
================================================================================
DAG File Processing Stats

File Path                                PID    Runtime      # DAGs    # Errors  Last Runtime    Last Run
---------------------------------------  -----  ---------  --------  ----------  --------------  -------------------
/opt/airflow/dags/dag_higiene_lisboa.py                           1           0  0.13s           2026-01-01T14:30:56
================================================================================
[2026-01-01T14:31:55.695+0000] {manager.py:878} INFO - 
================================================================================
DAG File Processing Stats

File Path                                PID    Runtime      # DAGs    # Errors  Last Runtime    Last Run
---------------------------------------  -----  ---------  --------  ----------  --------------  -------------------
/opt/airflow/dags/dag_higiene_lisboa.py                           1           0  0.14s           2026-01-01T14:31:26
================================================================================
[2026-01-01T14:32:25.828+0000] {manager.py:878} INFO - 
================================================================================
DAG File Processing Stats

File Path                                PID    Runtime      # DAGs    # Errors  Last Runtime    Last Run
---------------------------------------  -----  ---------  --------  ----------  --------------  -------------------
/opt/airflow/dags/dag_higiene_lisboa.py                           1           0  0.14s           2026-01-01T14:31:56
================================================================================
[2026-01-01T14:32:56.072+0000] {manager.py:878} INFO - 
================================================================================
DAG File Processing Stats

File Path                                PID    Runtime      # DAGs    # Errors  Last Runtime    Last Run
---------------------------------------  -----  ---------  --------  ----------  --------------  -------------------
/opt/airflow/dags/dag_higiene_lisboa.py                           1           0  0.13s           2026-01-01T14:32:27
================================================================================
[2026-01-01T14:32:59.511+0000] {manager.py:452} INFO - Exiting gracefully upon receiving signal 15
[2026-01-01T16:34:05.461+0000] {manager.py:470} INFO - Processing files using up to 2 processes at a time 
[2026-01-01T16:34:05.468+0000] {manager.py:471} INFO - Process each file at most once every 30 seconds
[2026-01-01T16:34:05.469+0000] {manager.py:472} INFO - Checking for new files in /opt/airflow/dags every 300 seconds
[2026-01-01T16:34:05.469+0000] {manager.py:737} INFO - Searching for files in /opt/airflow/dags
[2026-01-01T16:34:05.471+0000] {manager.py:740} INFO - There are 1 files in /opt/airflow/dags
[2026-01-01T16:34:05.532+0000] {manager.py:878} INFO - 
================================================================================
DAG File Processing Stats

File Path                                  PID  Runtime      # DAGs    # Errors  Last Runtime    Last Run
---------------------------------------  -----  ---------  --------  ----------  --------------  ----------
/opt/airflow/dags/dag_higiene_lisboa.py    172  0.03s             0           0
================================================================================
[2026-01-01T16:34:35.677+0000] {manager.py:878} INFO - 
================================================================================
DAG File Processing Stats

File Path                                  PID  Runtime      # DAGs    # Errors  Last Runtime    Last Run
---------------------------------------  -----  ---------  --------  ----------  --------------  -------------------
/opt/airflow/dags/dag_higiene_lisboa.py    178  0.01s             1           0  0.12s           2026-01-01T16:34:05
================================================================================
[2026-01-01T16:35:05.877+0000] {manager.py:878} INFO - 
================================================================================
DAG File Processing Stats

File Path                                  PID  Runtime      # DAGs    # Errors  Last Runtime    Last Run
---------------------------------------  -----  ---------  --------  ----------  --------------  -------------------
/opt/airflow/dags/dag_higiene_lisboa.py    183  0.01s             1           0  0.18s           2026-01-01T16:34:35
================================================================================
[2026-01-01T16:35:36.112+0000] {manager.py:878} INFO - 
================================================================================
DAG File Processing Stats

File Path                                  PID  Runtime      # DAGs    # Errors  Last Runtime    Last Run
---------------------------------------  -----  ---------  --------  ----------  --------------  -------------------
/opt/airflow/dags/dag_higiene_lisboa.py    188  0.01s             1           0  0.10s           2026-01-01T16:35:05
================================================================================
[2026-01-01T16:36:06.258+0000] {manager.py:878} INFO - 
================================================================================
DAG File Processing Stats

File Path                                  PID  Runtime      # DAGs    # Errors  Last Runtime    Last Run
---------------------------------------  -----  ---------  --------  ----------  --------------  -------------------
/opt/airflow/dags/dag_higiene_lisboa.py    193  0.01s             1           0  0.10s           2026-01-01T16:35:36
================================================================================
[2026-01-01T16:36:36.446+0000] {manager.py:878} INFO - 
================================================================================
DAG File Processing Stats

File Path                                  PID  Runtime      # DAGs    # Errors  Last Runtime    Last Run
---------------------------------------  -----  ---------  --------  ----------  --------------  -------------------
/opt/airflow/dags/dag_higiene_lisboa.py    198  0.01s             1           0  0.10s           2026-01-01T16:36:06
================================================================================
[2026-01-01T16:37:06.586+0000] {manager.py:878} INFO - 
================================================================================
DAG File Processing Stats

File Path                                  PID  Runtime      # DAGs    # Errors  Last Runtime    Last Run
---------------------------------------  -----  ---------  --------  ----------  --------------  -------------------
/opt/airflow/dags/dag_higiene_lisboa.py    203  0.01s             1           0  0.10s           2026-01-01T16:36:36
================================================================================
[2026-01-01T16:37:36.789+0000] {manager.py:878} INFO - 
================================================================================
DAG File Processing Stats

File Path                                  PID  Runtime      # DAGs    # Errors  Last Runtime    Last Run
---------------------------------------  -----  ---------  --------  ----------  --------------  -------------------
/opt/airflow/dags/dag_higiene_lisboa.py    290  0.01s             1           0  0.10s           2026-01-01T16:37:06
================================================================================
[2026-01-01T16:38:06.925+0000] {manager.py:878} INFO - 
================================================================================
DAG File Processing Stats

File Path                                  PID  Runtime      # DAGs    # Errors  Last Runtime    Last Run
---------------------------------------  -----  ---------  --------  ----------  --------------  -------------------
/opt/airflow/dags/dag_higiene_lisboa.py    297  0.01s             1           0  0.10s           2026-01-01T16:37:36
================================================================================
[2026-01-01T16:38:37.113+0000] {manager.py:878} INFO - 
================================================================================
DAG File Processing Stats

File Path                                  PID  Runtime      # DAGs    # Errors  Last Runtime    Last Run
---------------------------------------  -----  ---------  --------  ----------  --------------  -------------------
/opt/airflow/dags/dag_higiene_lisboa.py    302  0.01s             1           0  0.10s           2026-01-01T16:38:07
================================================================================
[2026-01-01T16:39:06.231+0000] {manager.py:737} INFO - Searching for files in /opt/airflow/dags
[2026-01-01T16:39:06.238+0000] {manager.py:740} INFO - There are 1 files in /opt/airflow/dags
[2026-01-01T16:39:07.260+0000] {manager.py:878} INFO - 
================================================================================
DAG File Processing Stats

File Path                                  PID  Runtime      # DAGs    # Errors  Last Runtime    Last Run
---------------------------------------  -----  ---------  --------  ----------  --------------  -------------------
/opt/airflow/dags/dag_higiene_lisboa.py    307  0.01s             1           0  0.11s           2026-01-01T16:38:37
================================================================================
[2026-01-01T16:39:37.447+0000] {manager.py:878} INFO - 
================================================================================
DAG File Processing Stats

File Path                                  PID  Runtime      # DAGs    # Errors  Last Runtime    Last Run
---------------------------------------  -----  ---------  --------  ----------  --------------  -------------------
/opt/airflow/dags/dag_higiene_lisboa.py    350  0.01s             1           0  0.10s           2026-01-01T16:39:07
================================================================================
[2026-01-01T16:40:07.577+0000] {manager.py:878} INFO - 
================================================================================
DAG File Processing Stats

File Path                                  PID  Runtime      # DAGs    # Errors  Last Runtime    Last Run
---------------------------------------  -----  ---------  --------  ----------  --------------  -------------------
/opt/airflow/dags/dag_higiene_lisboa.py    355  0.01s             1           0  0.10s           2026-01-01T16:39:37
================================================================================
[2026-01-01T16:40:37.767+0000] {manager.py:878} INFO - 
================================================================================
DAG File Processing Stats

File Path                                  PID  Runtime      # DAGs    # Errors  Last Runtime    Last Run
---------------------------------------  -----  ---------  --------  ----------  --------------  -------------------
/opt/airflow/dags/dag_higiene_lisboa.py    360  0.01s             1           0  0.11s           2026-01-01T16:40:07
================================================================================
[2026-01-01T16:41:07.911+0000] {manager.py:878} INFO - 
================================================================================
DAG File Processing Stats

File Path                                  PID  Runtime      # DAGs    # Errors  Last Runtime    Last Run
---------------------------------------  -----  ---------  --------  ----------  --------------  -------------------
/opt/airflow/dags/dag_higiene_lisboa.py    365  0.01s             1           0  0.11s           2026-01-01T16:40:37
================================================================================
[2026-01-01T16:41:38.091+0000] {manager.py:878} INFO - 
================================================================================
DAG File Processing Stats

File Path                                  PID  Runtime      # DAGs    # Errors  Last Runtime    Last Run
---------------------------------------  -----  ---------  --------  ----------  --------------  -------------------
/opt/airflow/dags/dag_higiene_lisboa.py    370  0.00s             1           0  0.10s           2026-01-01T16:41:08
================================================================================
[2026-01-01T16:42:08.239+0000] {manager.py:878} INFO - 
================================================================================
DAG File Processing Stats

File Path                                  PID  Runtime      # DAGs    # Errors  Last Runtime    Last Run
---------------------------------------  -----  ---------  --------  ----------  --------------  -------------------
/opt/airflow/dags/dag_higiene_lisboa.py    375  0.01s             1           0  0.10s           2026-01-01T16:41:38
================================================================================
[2026-01-01T16:42:38.425+0000] {manager.py:878} INFO - 
================================================================================
DAG File Processing Stats

File Path                                  PID  Runtime      # DAGs    # Errors  Last Runtime    Last Run
---------------------------------------  -----  ---------  --------  ----------  --------------  -------------------
/opt/airflow/dags/dag_higiene_lisboa.py    380  0.01s             1           0  0.10s           2026-01-01T16:42:08
================================================================================
[2026-01-01T16:43:08.571+0000] {manager.py:878} INFO - 
================================================================================
DAG File Processing Stats

File Path                                  PID  Runtime      # DAGs    # Errors  Last Runtime    Last Run
---------------------------------------  -----  ---------  --------  ----------  --------------  -------------------
/opt/airflow/dags/dag_higiene_lisboa.py    385  0.01s             1           0  0.11s           2026-01-01T16:42:38
================================================================================
[2026-01-01T16:43:38.773+0000] {manager.py:878} INFO - 
================================================================================
DAG File Processing Stats

File Path                                  PID  Runtime      # DAGs    # Errors  Last Runtime    Last Run
---------------------------------------  -----  ---------  --------  ----------  --------------  -------------------
/opt/airflow/dags/dag_higiene_lisboa.py    447  0.01s             1           0  0.11s           2026-01-01T16:43:08
================================================================================
[2026-01-01T16:44:06.903+0000] {manager.py:737} INFO - Searching for files in /opt/airflow/dags
[2026-01-01T16:44:06.904+0000] {manager.py:740} INFO - There are 1 files in /opt/airflow/dags
[2026-01-01T16:44:08.933+0000] {manager.py:878} INFO - 
================================================================================
DAG File Processing Stats

File Path                                  PID  Runtime      # DAGs    # Errors  Last Runtime    Last Run
---------------------------------------  -----  ---------  --------  ----------  --------------  -------------------
/opt/airflow/dags/dag_higiene_lisboa.py    452  0.01s             1           0  0.11s           2026-01-01T16:43:38
================================================================================
[2026-01-01T16:44:39.128+0000] {manager.py:878} INFO - 
================================================================================
DAG File Processing Stats

File Path                                  PID  Runtime      # DAGs    # Errors  Last Runtime    Last Run
---------------------------------------  -----  ---------  --------  ----------  --------------  -------------------
/opt/airflow/dags/dag_higiene_lisboa.py    457  0.01s             1           0  0.10s           2026-01-01T16:44:09
================================================================================
[2026-01-01T16:45:09.274+0000] {manager.py:878} INFO - 
================================================================================
DAG File Processing Stats

File Path                                  PID  Runtime      # DAGs    # Errors  Last Runtime    Last Run
---------------------------------------  -----  ---------  --------  ----------  --------------  -------------------
/opt/airflow/dags/dag_higiene_lisboa.py    462  0.00s             1           0  0.10s           2026-01-01T16:44:39
================================================================================
[2026-01-01T16:45:39.470+0000] {manager.py:878} INFO - 
================================================================================
DAG File Processing Stats

File Path                                  PID  Runtime      # DAGs    # Errors  Last Runtime    Last Run
---------------------------------------  -----  ---------  --------  ----------  --------------  -------------------
/opt/airflow/dags/dag_higiene_lisboa.py    467  0.01s             1           0  0.09s           2026-01-01T16:45:09
================================================================================
[2026-01-01T16:46:09.616+0000] {manager.py:878} INFO - 
================================================================================
DAG File Processing Stats

File Path                                  PID  Runtime      # DAGs    # Errors  Last Runtime    Last Run
---------------------------------------  -----  ---------  --------  ----------  --------------  -------------------
/opt/airflow/dags/dag_higiene_lisboa.py    472  0.01s             1           0  0.10s           2026-01-01T16:45:39
================================================================================
[2026-01-01T16:46:39.812+0000] {manager.py:878} INFO - 
================================================================================
DAG File Processing Stats

File Path                                  PID  Runtime      # DAGs    # Errors  Last Runtime    Last Run
---------------------------------------  -----  ---------  --------  ----------  --------------  -------------------
/opt/airflow/dags/dag_higiene_lisboa.py    478  0.01s             1           0  0.11s           2026-01-01T16:46:09
================================================================================
[2026-01-01T16:47:09.953+0000] {manager.py:878} INFO - 
================================================================================
DAG File Processing Stats

File Path                                  PID  Runtime      # DAGs    # Errors  Last Runtime    Last Run
---------------------------------------  -----  ---------  --------  ----------  --------------  -------------------
/opt/airflow/dags/dag_higiene_lisboa.py    531  0.01s             1           0  0.10s           2026-01-01T16:46:39
================================================================================
[2026-01-01T16:47:40.154+0000] {manager.py:878} INFO - 
================================================================================
DAG File Processing Stats

File Path                                  PID  Runtime      # DAGs    # Errors  Last Runtime    Last Run
---------------------------------------  -----  ---------  --------  ----------  --------------  -------------------
/opt/airflow/dags/dag_higiene_lisboa.py    536  0.01s             1           0  0.11s           2026-01-01T16:47:10
================================================================================
[2026-01-01T16:48:10.296+0000] {manager.py:878} INFO - 
================================================================================
DAG File Processing Stats

File Path                                  PID  Runtime      # DAGs    # Errors  Last Runtime    Last Run
---------------------------------------  -----  ---------  --------  ----------  --------------  -------------------
/opt/airflow/dags/dag_higiene_lisboa.py    623  0.01s             1           0  0.11s           2026-01-01T16:47:40
================================================================================
[2026-01-01T16:48:40.479+0000] {manager.py:878} INFO - 
================================================================================
DAG File Processing Stats

File Path                                  PID  Runtime      # DAGs    # Errors  Last Runtime    Last Run
---------------------------------------  -----  ---------  --------  ----------  --------------  -------------------
/opt/airflow/dags/dag_higiene_lisboa.py    630  0.01s             1           0  0.14s           2026-01-01T16:48:10
================================================================================
[2026-01-01T16:49:07.644+0000] {manager.py:737} INFO - Searching for files in /opt/airflow/dags
[2026-01-01T16:49:07.652+0000] {manager.py:740} INFO - There are 1 files in /opt/airflow/dags
[2026-01-01T16:49:10.680+0000] {manager.py:878} INFO - 
================================================================================
DAG File Processing Stats

File Path                                  PID  Runtime      # DAGs    # Errors  Last Runtime    Last Run
---------------------------------------  -----  ---------  --------  ----------  --------------  -------------------
/opt/airflow/dags/dag_higiene_lisboa.py    635  0.01s             1           0  0.12s           2026-01-01T16:48:40
================================================================================
[2026-01-01T16:49:40.818+0000] {manager.py:878} INFO - 
================================================================================
DAG File Processing Stats

File Path                                  PID  Runtime      # DAGs    # Errors  Last Runtime    Last Run
---------------------------------------  -----  ---------  --------  ----------  --------------  -------------------
/opt/airflow/dags/dag_higiene_lisboa.py    640  0.01s             1           0  0.11s           2026-01-01T16:49:10
================================================================================
[2026-01-01T16:50:11.026+0000] {manager.py:878} INFO - 
================================================================================
DAG File Processing Stats

File Path                                  PID  Runtime      # DAGs    # Errors  Last Runtime    Last Run
---------------------------------------  -----  ---------  --------  ----------  --------------  -------------------
/opt/airflow/dags/dag_higiene_lisboa.py    685  0.01s             1           0  0.11s           2026-01-01T16:49:40
================================================================================
[2026-01-01T16:50:41.138+0000] {manager.py:878} INFO - 
================================================================================
DAG File Processing Stats

File Path                                PID    Runtime      # DAGs    # Errors  Last Runtime    Last Run
---------------------------------------  -----  ---------  --------  ----------  --------------  -------------------
/opt/airflow/dags/dag_higiene_lisboa.py                           1           0  0.26s           2026-01-01T16:50:11
================================================================================
[2026-01-01T16:51:11.513+0000] {manager.py:878} INFO - 
================================================================================
DAG File Processing Stats

File Path                                  PID  Runtime      # DAGs    # Errors  Last Runtime    Last Run
---------------------------------------  -----  ---------  --------  ----------  --------------  -------------------
/opt/airflow/dags/dag_higiene_lisboa.py    803  0.01s             1           0  0.11s           2026-01-01T16:50:41
================================================================================
[2026-01-01T16:51:40.716+0000] {manager.py:452} INFO - Exiting gracefully upon receiving signal 15
